atom_type,case,n_molecules,mean_signed_ig,ci_low,ci_high
N,TP,30,-1.0581565541737668e-05,-5.011885281374094e-05,2.8629548178332733e-05
N,TN,29,-2.1496269182106517e-06,-4.397071791795414e-06,-3.3178890819103906e-07
C,TP,30,-4.883647391714803e-05,-8.077429582272907e-05,-2.7531698710350856e-05
C,TN,30,5.626677280478339e-09,-1.4222534592632574e-07,1.4920737416586657e-07
C (arom.),TP,30,-4.204365065089455e-05,-5.667769963792419e-05,-2.8118471099919966e-05
C (arom.),TN,29,-5.032857622984229e-07,-1.2377108972801935e-06,1.1450589312073269e-07
N (arom.),TP,22,-4.319913346872646e-06,-1.6874495186982583e-05,5.3146840344776466e-06
N (arom.),TN,21,-4.578464715615427e-07,-9.700878927563144e-07,-7.64733856098301e-08
O,TP,25,2.3286044028244147e-06,-4.011555865825281e-06,8.824303968507268e-06
O,TN,29,-1.2198410255962326e-06,-1.917184573276882e-06,-6.247281255895297e-07
