case,family,n_molecules,mean,median,q25,q75,min,max
TP,STR,751,-0.003256704772359974,-0.0030364990234375,-0.006041049957275351,-0.00022506713867185,-0.0308160781860351,0.0577564239501953
TP,BN,596,-0.002568809578082697,-0.00168609619140625,-0.00614809989929195,0.002712249755859325,-0.0472354888916015,0.0255441665649414
TP,AR,702,0.004163461193399857,0.00302076339721675,0.0011100769042968,0.0058395862579345,-0.0041847229003906,0.0310316085815429
TP,NHC,241,-0.0032398483070594686,-0.0020761489868164,-0.0039310455322265,-0.0011758804321289,-0.0326571464538574,0.0080595016479492
TP,PF,177,-0.00037439192755745745,-0.0003700256347656,-0.0009050369262695,0.0002326965332031,-0.005716323852539,0.00244140625
TN,STR,499,-0.00012096146005904438,-4.291534423828125e-05,-0.00011992454528799999,-1.9073486328125e-06,-0.0098683238029479,0.0006065368652343
TN,BN,329,0.000155162858836172,8.7738037109375e-05,1.1444091796875e-05,0.0001993179321289,-0.0001935958862304,0.00138521194458
TN,AR,398,0.00013489316418840744,4.291534423828125e-05,1.71661376953125e-05,0.00010311603546135,-3.147125244140625e-05,0.0069597959518432
TN,NHC,214,-3.100654858851734e-05,-1.9073486328125e-05,-4.470348358154297e-05,6.586313247680664e-06,-0.0008714199066162,0.0001463890075683
TN,PF,147,-1.9277338267993127e-05,-9.5367431640625e-06,-2.5510787963867188e-05,-1.9073486328125e-06,-0.0002300143241882,2.5093555450439453e-05
