SMILES,Class,canonical_smiles
CC(OC(=O)N2CCC(CNc1ncccn1)CC2)c3ccccc3,1,CC(OC(=O)N1CCC(CNc2ncccn2)CC1)c1ccccc1
O=C(Nc3ccc(S(=O)(=O)Nc1ccccc1C(=O)c2ccccn2)cc3)OCC4CCCO4,1,O=C(Nc1ccc(S(=O)(=O)Nc2ccccc2C(=O)c2ccccn2)cc1)OCC1CCCO1
Cc1cccc(c1)COC(=O)N1CCC(CC1)CNc1ncccn1,1,Cc1cccc(COC(=O)N2CCC(CNc3ncccn3)CC2)c1
CC1CN(CCC1c1ccccc1C)C[C@@H]1CCc2c([C@H](C1)O)nccc2,1,Cc1ccccc1C1CCN(C[C@@H]2CCc3cccnc3[C@@H](O)C2)CC1C
c1ccccc1C(OCCN(C)C)c2ccccc2,1,CN(C)CCOC(c1ccccc1)c1ccccc1
COc1c(OC)ccc2c1c[n+]1CCc3c(c1c2)cc1c(c3)OCO1,1,COc1ccc2cc3[n+](cc2c1OC)CCc1cc2c(cc1-3)OCO2
CC(CC(C1(CCC1)c1ccc(cc1)Cl)N(C)C)C,1,CC(C)CC(N(C)C)C1(c2ccc(Cl)cc2)CCC1
Clc1ccc(cc1)OCC#Cc([n+]2C)cccc2C#CCOc(cc3)ccc3Cl,1,C[n+]1c(C#CCOc2ccc(Cl)cc2)cccc1C#CCOc1ccc(Cl)cc1
Clc1ccc(c(c1)Cl)[C@]1(OC[C@@H](O1)COc1ccc(cc1)N1CCN(CC1)C(=O)C)Cn1cncc1,1,CC(=O)N1CCN(c2ccc(OC[C@H]3CO[C@](Cn4ccnc4)(c4ccc(Cl)cc4Cl)O3)cc2)CC1
c12c(c(c(C(O)=O)cn1C1CC1)=O)c(c(F)c(c2F)N1C[C@H](N[C@H](C1)C)C)N,1,C[C@@H]1CN(c2c(F)c(N)c3c(=O)c(C(=O)O)cn(C4CC4)c3c2F)C[C@H](C)N1
CC(c1ccccc1)OC(=O)N1CCC(CC1)CNc1ncccn1,0,CC(OC(=O)N1CCC(CNc2ncccn2)CC1)c1ccccc1
O=C(Nc1ccc(cc1)S(=O)(=O)Nc1ccccc1C(=O)c1ccccn1)OCC1CCCO1,0,O=C(Nc1ccc(S(=O)(=O)Nc2ccccc2C(=O)c2ccccn2)cc1)OCC1CCCO1
Cc1ccccc1C4CCN(C[C@@H]3CCc2cccnc2[C@@H](O)C3)CC4C,0,Cc1ccccc1C1CCN(C[C@@H]2CCc3cccnc3[C@@H](O)C2)CC1C
Cc3cccc(COC(=O)N2CCC(CNc1ncccn1)CC2)c3,0,Cc1cccc(COC(=O)N2CCC(CNc3ncccn3)CC2)c1
C[C@H]1CN(C[C@H](N1)C)C2=C(C3=C(C(=C2F)N)C(=O)C(=CN3C4CC4)C(=O)O)F,0,C[C@@H]1CN(c2c(F)c(N)c3c(=O)c(C(=O)O)cn(C4CC4)c3c2F)C[C@H](C)N1
c12n(C3CC3)cc(c(c2c(c(F)c(c1F)N1C[C@@H](N[C@@H](C1)C)C)N)=O)C(O)=O,0,C[C@@H]1CN(c2c(F)c(N)c3c(=O)c(C(=O)O)cn(C4CC4)c3c2F)C[C@H](C)N1
CC(C)CC(C1(CCC1)C2=CC=C(C=C2)Cl)N(C)C,0,CC(C)CC(N(C)C)C1(c2ccc(Cl)cc2)CCC1
C[C@H]1N[C@@H](C)CN(C1)c(c(F)c2N)c(F)c(c23)n(C4CC4)cc(c3=O)C(=O)O,0,C[C@@H]1CN(c2c(F)c(N)c3c(=O)c(C(=O)O)cn(C4CC4)c3c2F)C[C@H](C)N1
C1CN(C(=O)C)CCN1c(cc2)ccc2OC[C@H](O3)CO[C@@]3(c(cc4)c(Cl)cc4Cl)Cn5ccnc5,0,CC(=O)N1CCN(c2ccc(OC[C@H]3CO[C@](Cn4ccnc4)(c4ccc(Cl)cc4Cl)O3)cc2)CC1
C(c1ccccc1)(c1ccccc1)OCCN(C)C,0,CN(C)CCOC(c1ccccc1)c1ccccc1
Clc1ccc(cc1)OCC#Cc1cccc([n+]1C)C#CCOc1ccc(cc1)Cl,0,C[n+]1c(C#CCOc2ccc(Cl)cc2)cccc1C#CCOc1ccc(Cl)cc1
C[C@@H]1N[C@H](C)CN(C1)c1c(F)c(N)c2c(c1F)n(cc(c2=O)C(=O)O)C1CC1,0,C[C@@H]1CN(c2c(F)c(N)c3c(=O)c(C(=O)O)cn(C4CC4)c3c2F)C[C@H](C)N1
c12c3c(cc4OCOc4c3)CC[n+]1cc1c(c(OC)ccc1c2)OC,0,COc1ccc2cc3[n+](cc2c1OC)CCc1cc2c(cc1-3)OCO2
O1COc2cc3c4[nH0+](cc5c(ccc(OC)c5OC)c4)CCc3cc12,0,COc1ccc2cc3[n+](cc2c1OC)CCc1cc2c(cc1-3)OCO2
