SMILES,Class
Brc1ccc2c(NC3=NC[C@@]4(CN5CCC4CC5)O3)ncnn12,1
C(#Cc1cc(-c2[nH]nc3c2Cc2ccccc2-3)cs1)COc1ccccc1,0
C(#Cc1cc(-c2n[nH]c3c2Cc2cc(Cn4ccnn4)ccc2-3)cs1)COc1ccccc1,0
CC(=O)N(C)C1CCC([C@H](C(=O)N(C)C)[C@H](N)C(=O)N2CC[C@H](F)C2)CC1.Cl,0
CC(=O)NC(CCN1C2CCC1CC(n1c(C)nc3c1CCN(c1cnccn1)C3)C2)c1cccc(F)c1,1
CC(C(=O)NC1(c2ccccc2)CCC(N2CCC3(CC2)OCCO3)CC1)c1cc(C(F)(F)F)cc(C(F)(F)F)c1,1
CC(C(=O)NC1(c2ccccc2)CCC(N2CCN(C(C)C)CC2)CC1)c1cc(C(F)(F)F)cc(C(F)(F)F)c1,1
CC(C(=O)NS(=O)(=O)c1ccccc1Cl)c1ccc(OS(=O)(=O)C(F)(F)F)cc1,0
CC(C(N)=O)[C@@]12CC(F)(F)[C@@H](C)[C@H](/C=C/c3ccc(-c4ccccc4C#N)cn3)[C@@H]1[C@@H](C)OC2=O,0
CC(C)(C)NC(=O)c1c[nH]c2ncc(-c3ncn4c3CCCC4)nc12,1
CC(C)(C)c1cc(NC(=O)n2ccc3nc(Oc4ncnc5c4CNC5)ccc32)no1,0
CC(C)(N)c1nc(-c2ccccc2)c[nH]1,0
CC(C)(O)c1ccc(C(CC2=CCC(=O)NC2)c2ccc(OC(F)F)c(OC3CC3)c2)cn1,0
CC(C)C1(C(=O)N2CCN(c3cc(C(F)(F)F)ccn3)CC2)CCC(NC2C3CCCC2COC3)C1,1
CC(C)[C@]1(C(=O)NCc2cc(C(F)(F)F)cc(C(F)(F)F)c2)CC[C@@H](N2CCC(c3cnccn3)CC2)C1,1
CC(NC(=O)C1(N)CCCN(c2ncnc3[nH]ccc23)C1)c1ccccn1,0
CC(NC1CCCc2c1[nH]c1ccc(Br)cc21)c1ccccc1,1
CC/C(=C(\c1ccc(O)cc1)c1ccc(/C=C/C(=O)O)cc1)c1ccccc1,0
CC1(C#N)CN(c2cc(COc3ccc(F)c(F)c3F)nc(-c3ccccn3)n2)C1,0
CC1(C)C[C@H](NC(=O)c2ccc3cn[nH]c3c2)c2cc(-c3ccc(Cl)cc3)c(-c3ccc(Cl)cc3Cl)nc2O1,1
CC1(COc2ccc(OC(F)(F)F)cc2)CCn2cc([N+](=O)[O-])nc2O1,1
CC12CCC(C(NC(=O)[C@@H](CC3CCCCC3)NC(=O)N[C@@H](CCCCN)C(=O)O)C1)C2(C)C,0
CC1CCCN1CCc1ccc2nc(-c3ccn[nH]3)ccc2c1,0
CC1CNCCN1c1cc(=O)n(C)c(COc2ccccc2C(F)(F)F)n1,0
CCC(CC)CN(Cc1ccc(F)cc1)C1CCN(Cc2ccc(N(CC)CC)cc2)CC1,0
CCCCOC(=O)N1CCN(C(=O)[C@H](CCC(=O)O)NC(=O)c2cc(N3CCC(C(=O)N4CCCC4)CC3)cc(-c3ccccc3)n2)CC1,0
CCN(C(=O)Cc1ccc(OC)cc1)C1CC2CCC(C1)N2CCC(NC(=O)C1CCC1)c1ccccc1,1
CCN(CC)c1ccc2cc(C(=O)NCCCCN3CCC(Nc4nc5ccccc5n4Cc4ccc(F)cc4)CC3)c(=O)oc2c1,1
CCN(CCO)C(=O)c1cc2ccccn2c1-c1cccc(OC)n1,0
CCOC(=O)C1=C(CN2CCN(C)CC2C(=O)O)NC(c2nccs2)=NC1c1ccc(F)cc1Br,0
CCOC(=O)C1=C(CN2CCOCC2)NC(n2cncn2)=NC1c1ccc(F)cc1Br,1
CCOC(=O)C1=C(CN2CCOCC2CCC(=O)O)NC(c2nccs2)=NC1c1ccc(F)cc1Br,0
CCOC(=O)C1=C(CN2CCOC[C@H]2C(=O)O)NC(c2nccs2)=NC1c1ccc(F)cc1Cl,0
CCOC(=O)C1=C(CN2CCOC[C@H]2C(=O)O)NC(c2nccs2)=N[C@H]1c1ccc(F)cc1Br,0
CCOC(=O)C1=C(CN2CCO[C@@H](CCC(=O)O)C2)NC(c2nccs2)=N[C@H]1c1ccc(F)cc1Br,0
CCOC(=O)Nc1cccc([C@@H](c2ccc(C(=O)N(C)CC)cc2)N2CCN(Cc3cnc(C)[nH]3)CC2)c1,0
CCOC1CN(C2CCC(O)(c3ccc4c(c3)OCO4)CC2)CC1NC(=O)CNC(=O)c1cccc(C(F)(F)F)c1,0
CCOC1Cc2cc(C(F)(F)F)ccc2C1N1CCN(C2(C)CCN(C(=O)c3c(C)ncnc3C)CC2)CC1C,1
CCOC[C@@H](CC(C)C)NC(=O)[C@@H]1CNC[C@H](C(=O)N(c2cc(OCC)c(CC)cn2)C2CC2)[C@@H]1O.Cl,0
CCOc1cc(Nc2nc3c(cc2F)ncn3[C@@H](CO)c2ccc(F)cn2)n[nH]1,0
CCOc1cc2ncc(C(N)=O)c(Nc3ccc(F)cc3F)c2cc1N1CCCN(C2CC2)CC1,1
CC[C@@H](NC(=O)c1cc(C(=O)N[C@H](C)c2ccc(F)cc2)n2c1COCC2)c1ccc(C(F)(F)F)cc1,1
CC[C@H](C)[C@H](C(=O)O)N1CC(CN2CCC(c3cc(Cc4ccc(C(C)C)cc4)nn3CC)CC2)[C@@H](c2cccc(F)c2)C1,1
CC[C@H](Nc1nc(N)nc(N)c1C#N)c1nc2cccc(C#CCCCC(=O)N3CCOCC3)c2c(=O)n1-c1ccccc1,0
CC[C@H]1C[C@H]2CN3CCc4c([nH]c5ccc(OC)cc45)C(C(=O)OC)(C2)[C@H]13,1
CC[N+]1(C)CCc2c(sc(NC(=O)Nc3ccc(Cl)cc3)c2C(N)=O)C1.[I-],1
CCc1c2c(n(C)c1CC)CCC/C2=N\OC(=O)Nc1ccccc1,0
CCc1cc2c(cc1N1CCC(N3CCOCC3)CC1)C(C)(C)c1[nH]c3cc(C#N)ccc3c1C2=O,0
CCn1cc(C2(c3cccc(C#CC4CC4)c3)N=C(N)c3c(F)cccc32)cc(C)c1=O,1
CN(C)CCCNC(=O)c1ccc(Cn2c(Cc3c(Cl)cccc3Cl)nc3ccccc32)cc1,1
CN(C)c1ccc(C(=C2C=CC(=[N+](C)C)C=C2)c2ccccc2)cc1,1
CN(C)c1ccc(C(=O)N(CC(=O)NC2CCCCC2)Cc2ccc(C(=O)NO)cc2)cc1,0
CN(C/C=C/c1ccc(C(F)(F)F)cc1)Cc1cccc2ccoc12.Cl,1
CN(CC(=O)NC1CC1)C(=O)c1ccc2c(c1)c1c(n2C)CC[C@H](C2CCOCC2)C1,0
CN(CCC1CCCc2c1cnn2-c1ccccc1)Cc1ccccc1,1
CN(CCCC(=O)NCCO)C(=O)c1ccc2c(c1)c1c(n2C)CC[C@@H](C2CCOCC2)C1,0
CN(CCN1CCCCC1)C(=O)C1CCC2(CC1)OC(=O)c1ccccc12,0
CN(Cc1ccc(C(F)(F)F)nc1)c1cc(C(=O)Nc2ccccc2)ncn1,1
CN(O)C(=O)c1cc2c(CN3CCCC3C(N)=O)cn(Cc3ccc(F)cc3)c2cn1,1
CN(c1ccccc1)S(=O)(=O)c1cccc(C(=O)N2CCN(C(=O)Cc3ccc(F)cc3)CC2)c1,1
CN(c1cccnc1)c1ncccc1CC(c1cccnc1)c1cccnc1,0
CN1C(=O)N(c2cccc(C(F)(F)F)c2)C2=C(C(=O)CC2)[C@H]1c1ccc(C#N)cc1[S+](C)[O-],0
CN1C2CCCC1CC(NC(=O)c1cccc3oc(C4CC4)nc13)C2,1
CN1CC2CC1CN2c1ccc(-c2ccc3cc[nH]c3c2)nn1,0
CN1CC2CC1CN2c1ncc(-c2cccc3[nH]ccc23)cn1,0
CN1CCC(c2nnc(SCCCN3CC[C@]4(C[C@@H]4c4ccc(C(F)(F)F)cc4)C3)n2C)CC1=O,0
CN1CCc2c(sc3c2c2ncnn2c(=O)n3Cc2ccc(Cl)cc2)C1,1
CN1C[C@@H]2C[C@H]1CN2c1ccc(-c2ccc3sccc3c2)nc1,1
CNC(=O)CCCN(C)C(=O)c1ccc2c(c1)c1c(n2C)CC[C@@H](C2CCOCC2)C1,0
CNCc1cc(Oc2ccc3c(ccn3C(=O)Nc3ccc(F)c(C(F)(F)F)c3)c2)ncn1,1
CNS(=O)(=O)Nc1cccc(Cc2c(C)c3ccc(Oc4ncccn4)cc3oc2=O)c1F,0
CN[C@@H](C)C(=O)N[C@@H]1C(=O)N(Cc2c(OC)ccc3ccccc23)c2ccc(C#N)cc2N(C(C)=O)[C@H]1C.Cl,0
CNc1nnc(-c2cn3ncnc(Nc4cnc5[nH]c(C)cc5c4)c3c2C(C)C)o1,1
CO/N=C1/CN(c2nc3c(cc2F)c(=O)c(C(=O)O)cn3C2CC2)CC12CNC2,0
COC1COCCC1NC1CCC(C(=O)N2CCN(c3nccc(C(F)(F)F)n3)CC2)(C(C)C)C1,1
COCC1=C(C(=O)N2CCC[C@H]2c2cc(C)no2)[C@@H](c2cc3ccccc3n2C)n2nc(C(F)(F)F)cc2N1,0
COCCC(=O)N1CCSC(c2nc(-c3ccc(C(=O)Nc4cc(C(F)(F)F)ccn4)cc3)c3c(N)nccn23)C1,1
COCCCc1cc(CN(C(=O)C2CNCCC2c2ccn(C)c(=O)c2)C2CC2)c2ccccc2c1,0
COCCCc1cc(CN(C(=O)[C@H]2CNCC[C@]23OC(=O)c2ccccc23)C2CC2)cc(OCCOC)c1,0
COCCCc1cc(CN(C(=O)[C@H]2CNCC[C@]23OC=Cc2ccccc23)C2CC2)cc(OCCOC)c1,1
COCCCc1cc(CN(C(=O)[C@H]2CNCC[C@]23OCCc2ccccc23)C2CC2)cc(OCCOC)c1,0
COc1c(C)cc([C@]2(c3cccc(-c4cncnc4)c3)N=C(C)C(N)=N2)cc1C,0
COc1cc(CC(=O)Nc2cc(-n3nc(C)cc3C)nc(-c3ccc(C)o3)n2)cc(OC)c1,1
COc1cc(N2CCN(C(=O)C(C)N)CC2)ccc1Nc1ncc(Cl)c(-c2cnc3ccccn23)n1,1
COc1cc(Nc2nn3c(NCC(C)(C)N)cc(C)nc3c2C(N)=O)cc(OC)c1,1
COc1cc(Nc2nn3c(N[C@H](CO)Cc4ccccc4)cc(C4CC4)nc3c2C(N)=O)cc(OC)c1,1
COc1ccc(-c2nnc(C(=O)N3CC(Oc4ccc(CN5CCCOCC5)cc4)C3)o2)cc1,0
COc1ccc(C(C)NC(=O)Cc2ccc(C(C)(C)C)cc2)nc1,0
COc1ccc(C2(O)CCC(N3CCC(NC(=O)CNC(=O)c4cccc(C(F)(F)F)c4)C3)CC2)cn1,0
COc1ccc(CCCOC(Cn2ccnc2)c2ccc(OC)cc2)cc1,1
COc1ccc2ncc(F)c([C@@H]3OC(=O)O[C@H]3C34CCC(NCc5ccc6c(n5)NC(=O)CO6)(CC3)CO4)c2n1,1
COc1cccc(-c2cccc(C3(C)CSCC(N)=N3)c2)c1,1
COc1cccc(/C=C2\SC(=O)NC2=O)c1N1CCC[C@@H](N)C1,0
COc1cccnc1Cn1ccc2nc(N)nc(OCc3ncc(C)o3)c21,1
COc1nc(C2=NOC[C@H](c3cc4ccccc4o3)N2)ccc1-n1cnc(C)c1,0
COn1cc(C2=N[C@@](c3ccc(F)cc3)(c3ccc(F)nc3)[C@H](C)N2)ccc1=O,1
CS(=O)(=O)C1CCN(Cc2ccnc(Nc3ncc(C#N)s3)c2)CC1,0
CSc1sc(C(=N)N)cc1S(=O)(=O)c1cccc(-c2cc(C)ccc2NC(=O)NCCCCCC(=O)O)c1,1
CSc1sc(C(=N)N)cc1S(=O)(=O)c1cccc(-c2cccc(C)n2)c1,1
C[C@@H](N1CCc2nc(-c3cncnc3)sc2C1)[C@](O)(Cn1cncn1)c1ccc(F)cc1F.O.O=S(=O)(O)O,0
C[C@@H](O[C@H]1CCn2c(n[nH]c2=O)C[C@@H]1c1ccc(F)cc1)c1cc(C(F)(F)F)cc(C(F)(F)F)c1,1
C[C@@H]1CCCCN1CCCNCc1ccc(CNCCCN2CCCC[C@H]2C)cc1.Cl,0
C[C@@H]1CCCN1[C@H]1C[C@H](c2ccc(-c3ccc(C#N)cc3)cc2)C1,1
C[C@H]1CN(CC=C2CCCc3c2cnn3-c2ccc(Cl)c(Cl)c2)C[C@@H](C)O1,1
C[C@@H]1COCCN1c1nc(N2CCOC[C@H]2C)c2ccc(-c3ccc4cc[nH]c(=O)c4c3)nc2n1,0
C[C@@H]1NC(c2nccc(C#N)n2)=N[C@@]1(c1ccc(F)cc1)c1ccc(F)nc1,0
C[C@@H]1Oc2ccc(-c3cccnc3F)cc2[C@]2(COC(=N)N2)C12COC2,0
C[C@H]1C[C@H]2CSC(N)=N[C@@]2(c2nc(NC(=O)c3ccc(OC(F)F)cn3)ccc2F)CO1,1
C[C@H]1Cn2c(nnc2-c2ccc(F)cc2)CN1C(=O)c1cccc(C(F)(F)F)c1Cl,0
C[C@]1(C(=O)O)CC[C@@](C)(c2nc(-c3ccc(C(=O)Nc4cc(C(F)(F)F)ccn4)cc3)c3c(N)nccn32)CC1,0
C[N+]1CCc2cc3c(cc2C(=O)Cc2ccc4c(c2C1)OCO4)OCO3,0
C[n+]1c(C#CC2CCCCC2)cccc1C#CC1CCCCC1,1
Cc1c(C#N)cccc1[C@@H]1CN2CCN(C(=O)Cc3ccc(-n4cnnn4)nc3)C[C@@H]2CO1,0
Cc1c(CC(=O)O)c2cc(F)ccc2n1S(=O)(=O)c1ccc(S(C)(=O)=O)cc1,0
Cc1c(CCN2CCN(C(=O)Cc3cncc(-n4cnnn4)c3)CC2)ccc2c1COC2=O,0
Cc1c(CN(C)CC(O)c2ncccn2)sc2c(=O)c(C(=O)NCc3ccc(F)cc3)cn(C)c12,1
Cc1c([C@@H](O)CN2CCC3(CC2)CCN(c2ccc(=O)n(C)c2)C3=O)ccc2c1COC2=O,0
Cc1c([C@@H](O)CN2CCC3(CC2)CCN(c2ccnnc2)C3=O)ccc2c1COC2=O,0
Cc1c([C@H]2CN3CCN(C(=O)Cc4ccc(-n5cnnn5)nc4)C[C@@H]3CN2)ccc2c1COC2=O,0
Cc1c2c(n3c1CCCN1CCCC(C1)Nc1cc-3ccc1C(N)=O)CC(C)(C)CC2=O,1
Cc1cc(-c2ccc(C[C@@H](C#N)NC(=O)[C@@H]3CNCCCO3)cc2)cc2c1oc(=O)n2C,0
Cc1cc(/C=C2\SC(=Nc3ccccc3)NC2=O)c(C)n1-c1ccccc1,0
Cc1cc(N2CCC(N3CCCC3)CC2)nc2ccc(NC(=O)COc3ccc(OC(F)(F)F)cc3)cc12,1
Cc1cc(N2CCC(N3CCCC3=O)CC2)nc2ccc(NC(=O)COc3ccc(OC(F)(F)F)cc3)cc12,1
Cc1cc2c3c([n+](C)c4ccccc4c3c1)-c1ccccc1S2,1
Cc1ccc(C#CCOCc2cccc(COC#Cc3ccc(C)cc3)[n+]2C)cc1,1
Cc1ccc(COC(=O)N2CCC(Nc3ncccn3)CC2)cc1,0
Cc1cccc(S(=O)(=O)N2Cc3ccc(/C=C/C(=O)NO)cc3C2)c1,0
Cc1cccnc1CN1CCC2(CC1)C(=O)N(c1ccc(-n3cccn3)cc1)C(=O)N2c1cc(=O)[nH]cn1,1
Cc1cnc(-c2nnc(CCCCCN3CC4C[C@]4(c4ccc(C(F)(F)F)cc4)C3)n2C)cn1,1
Cc1cnc(CCC(=O)NC2CCC(c3ccc(O)cc3)CC2)s1,0
Cc1cnc(N2CCC([C@H]3C[C@H]3CCOc3nc(C)cc(C#N)n3)CC2)nc1,1
Cc1nc(-c2ccncn2)sc1-c1ccc2cc(CCN3CCCC3C)ccc2n1,1
Cc1nc(-c2nnc3n2CCN(C(=O)c2ccc(-c4cccs4)cc2)[C@@H]3C)co1,0
Cc1nc(C)c(-c2ccc3cc(CCN4CCCC4C)ccc3n2)o1,0
Cc1nc(C)c(-c2nnc(SCCCN3CC[C@H]4C[C@@]4(c4ccc(C(F)(F)F)cc4)CC3)n2C)s1,1
Cc1nc2c(c(-c3ccc(Cl)cc3Cl)c1CN)CN(CC(=O)N1CCC(C(N)=O)CC1)C2=O,0
Cc1nc2ccccc2n1C1CC2CCC(C1)N2CCC1(c2ccccc2)CCN(C(=O)c2cccc(-c3nc(=S)o[nH]3)c2)CC1,0
Cc1nc2ccccc2n1C1C[C@H]2CC[C@H](C1)N2CCC1(c2cccc(F)c2)CCN(C(=O)C2(C(=O)O)CCC2)CC1,0
Cc1nc2ccccc2n1C1C[C@H]2CC[C@H](C1)N2CCC1(c2cccc(F)c2)CCN(C(=O)c2cc(S(=O)(=O)NC3CC3)c(F)cc2Cl)CC1,0
Cc1ncc(CNC2CCN(CCN3C(=O)C=CC4C3C=CC(=O)N4C)CC2)cc1C#N,0
Cc1nccn1C1=NCCC(N2CCC(CCNS(N)(=O)=O)CC2)=N1,1
Cc1ncnc(C)c1C(=O)N1CC2CN(CCC(c3cccc(F)c3)C3CCN(S(C)(=O)=O)CC3)CC2C1,0
Cc1ncoc1-c1nnc(SCCCN2CC3CN(c4ccc(C(F)(F)F)cc4)C3C2)n1C,1
Cc1ncoc1-c1nnc(SCCN2CC[C@]3(C[C@@H]3c3ccc(C(F)(F)F)cc3)C2)n1C,1
Cc1nnc(C(C)C)n1C1CC2CCC(C1)N2CCC(CNC(=O)C1CCC(F)(F)CC1)c1ccccc1,0
Cc1nnc(C(C)C)n1C1CCN(C(C)C[C@H](NC(=O)C2CCC(F)(F)CC2)c2ccccc2)CC1.Cl,1
Cc1noc(C)c1CN1CC2CN(CCS(=O)(=O)NCc3ccc(C#N)cc3)CC(C1)O2,0
Cc1noc(C2=CC3(CCN(CC4CCCO4)CC3)c3ccccc32)n1,1
Clc1ccc2nsnc2c1NC1=NCCN1,0
Clc1cccc(-c2cnc3ccc(NC4CCOCC4)nn23)c1,0
Cn1c(C#N)ccc1-c1ccc(O)cc1F,0
Cn1c(SCCCN2CC3CCN(c4ccc(C(F)(F)F)cc4)C3C2)nnc1N1CCOCC1,1
Cn1c(SCCCN2CC[C@]3(C[C@@H]3c3ccc(C(F)(F)F)cc3)C2)nnc1C1CCOCC1,1
Cn1cc(-c2nnc(SCCCN3CC[C@]4(C[C@@H]4c4ccc(C(F)(F)F)cc4)C3)n2C)cn1,1
Cn1cccc1-c1nnc(CCCCN2CC3C[C@]3(c3ccc(C(F)(F)F)cc3)C2)n1C,1
Cn1cnc(S(=O)(=O)NCCN2CC3CN(CCCOc4ccc(C#N)cc4)CC(C2)O3)c1,0
Cn1nc(NCC(=O)NC2CN(C3CCC(C4CCCCC4)CC3)C2)c2cc(C(F)(F)F)ccc21,1
Cn1nccc1C1(O)CCC(N2CC(NC(=O)CNc3nn(C)c4ccc(C(F)(F)F)cc34)C2)CC1,0
FC(F)(F)c1c(OC[C@H]2C[C@@H]2c2ccc(Cl)cc2)ccn2c(CC3CC3)nnc12,1
FC(F)(F)c1ccc(Nc2nc(CN3CCOCC3)nc3cc(-c4ncccc4C(F)(F)F)ccc23)cc1,1
FC(F)(F)c1ccc(Nc2ncnc3cc(-c4ncccc4C(F)(F)F)ccc23)cn1,1
Fc1ccc(C(OCCN2CCCC2)c2nncn2Cc2ccccc2)cc1,1
Fc1ccc2c(C3CNCC[C@H]3F)c(-c3ccc4ccccc4c3)[nH]c2c1,1
Fc1ccc2c(C3CNCC[C@H]3F)c(-c3cccnc3)[nH]c2c1,1
N#C[C@H](Cc1ccc(-c2ccc3oc(=O)n(CC(F)F)c3c2)cc1)NC(=O)[C@@H]1CNCCCO1,0
NC(=O)C1CCCc2c1[nH]c1ccccc21,1
NC(=O)c1cnc(N[C@H]2CCCN[C@@H]2CCO)c2cc(-c3ccccc3)sc12,0
NC1(C(=O)N[C@H](CCO)c2ccc(Cl)cc2)CCN(c2ncnc3[nH]ccc23)CC1,0
Nc1ncnc2c1c(-c1cccc(OCC34CCC(CC3)O4)c1)cn2[C@H]1C[C@@H](CN2CC[S+]([O-])CC2)C1,0
O=C(/C=C/c1ccc2c(c1)CN(S(=O)(=O)c1cccnc1)C2)NO,0
O=C(/C=C/c1ccc2c(c1)CN(S(=O)(=O)c1ccncc1)C2)NO,0
O=C(CCCCCCNc1ncnc2ccc(F)cc12)NO,0
O=C(CNC(=O)c1cccc(C(F)(F)F)c1)NC1CCN(C2CCC(O)(c3cccnn3)CC2)C1,0
O=C(N[C@H]1C2CC3CC1C[C@](O)(C3)C2)c1cnc(N2CCOCC2)nc1C1CC1,0
O=C(Nc1ccc(C[C@@H]2CC[C@H]([C@H](O)c3ccccc3)N2)cc1)[C@@H]1CCc2cccc(=O)n21,0
O=C(Nc1ccc(C[C@@H]2CC[C@H]([C@H](O)c3ccccc3)N2)cc1)[C@@H]1CCc2nccc(=O)n21,0
O=C(O)C1(F)CCN(C2CC[C@]3(Cc4ccccc4Cc4ccccc43)C2)CC1,0
O=C(c1ccc(C[C@@H]2CC[C@H]([C@H](O)c3ccccc3)N2)cc1)N1CCN(Cc2ccccn2)CC1,0
O=C(c1ccc(C[C@@H]2CC[C@H]([C@H](O)c3ccccc3)N2)cc1)N1CCN(Cc2ncn(CC(F)(F)F)n2)CC1,0
O=C1CCc2c(Oc3ccc4c(c3)C[C@H](NC(=O)c3cc(-c5cnc[nH]5)cc(C(F)(F)F)c3)CC4)ccnc2N1,0
O=C1COc2ccc(CNC34CCC(CC5(O)Cn6c(=O)ccc7ncc(F)c5c76)(CC3)OC4)nc2N1,0
O=S(=O)(c1ccc(C=Cc2ccc(F)cc2F)nc1)c1ccccc1F,1
O=S(=O)(c1ccc(C=Cc2cccc(F)c2)nc1)c1ccccc1F,1
[O-][S+](c1ccc(C=Cc2ccc(F)cc2)nc1)c1ccccc1F,1
[O-][S@@+](c1ccc(C=Cc2ccc(F)cc2)nc1)c1ccccc1F,1
c1ccc(-n2ncc3c2CCC3CCN2CCSCC2)cc1,1
c1ccc(-n2ncc3c2CCC3CCN2Cc3ccccc3C2)cc1,1
c1ccc(-n2ncc3c2CCC3CCn2ccnc2)cc1,1
c1ccc(CN2CCN(CCC3CCc4c3cnn4-c3ccccc3)CC2)cc1,1
c1cn(-c2cc(NC3=NC[C@@]4(CN5CCC4CC5)O3)ncn2)cn1,0
