InChl Key,SMILES,Source,pIC50,Class,canonical_smiles,connectivity_key,overlap_hergat_exact,overlap_hergat_connectivity
LIHJHFVXLZSRNK-UHFFFAOYSA-N,Cn1ccc(C[N+]2=CC(c3cccc(C(F)(F)F)c3)C=N2)n1,US Patent,5.647817482,1,Cn1ccc(C[N+]2=CC(c3cccc(C(F)(F)F)c3)C=N2)n1,LIHJHFVXLZSRNK,0,0
RXGDDWPITVSKDR-UHFFFAOYSA-N,CC(C)(C)OC(=O)N1CCN(c2nc3c([N+](=O)[O-])c(Br)c(Br)cc3[nH]2)CC1,US Patent,5.602059991,1,CC(C)(C)OC(=O)N1CCN(c2nc3c([N+](=O)[O-])c(Br)c(Br)cc3[nH]2)CC1,RXGDDWPITVSKDR,1,1
YRSBMPKJFDYYFO-UHFFFAOYSA-N,Fc1cccc(Oc2cc(C(F)(F)F)nc(N3CCc4nc[nH]c4C3)n2)c1,US Patent,5.599980365,1,Fc1cccc(Oc2cc(C(F)(F)F)nc(N3CCc4nc[nH]c4C3)n2)c1,YRSBMPKJFDYYFO,1,1
OMQQLDITRYIEHZ-UHFFFAOYSA-N,Cn1nccc1Cc1cn(-c2ccc(F)c(Cl)c2)nn1,US Patent,5.364516253,1,Cn1nccc1Cc1cn(-c2ccc(F)c(Cl)c2)nn1,OMQQLDITRYIEHZ,0,0
BXBUTKPGTGJGTQ-YOEHRIQHSA-N,CNC[C@@H](c1ccc(Cl)c(Cl)c1)[C@@H](OC)c1cccc(NS(=O)(=O)C(F)(F)F)c1,US Patent,5.327902142,1,CNC[C@@H](c1ccc(Cl)c(Cl)c1)[C@@H](OC)c1cccc(NS(=O)(=O)C(F)(F)F)c1,BXBUTKPGTGJGTQ,1,1
GONCOLJMAFSBKX-UHFFFAOYSA-N,CN(C)Cc1c(-c2ccncc2)n(-c2ccc(Cl)cc2)c2cnccc12,US Patent,5.259637311,1,CN(C)Cc1c(-c2ccncc2)n(-c2ccc(Cl)cc2)c2cnccc12,GONCOLJMAFSBKX,1,1
HDRWLCNLGWCVEP-IQGLISFBSA-N,C[C@@H]1Cc2c([nH]c3ccccc23)[C@@](C)(c2cccc(OCCNCCCF)c2)N1CC(F)(F)F,US Patent,5.113509275,1,C[C@@H]1Cc2c([nH]c3ccccc23)[C@@](C)(c2cccc(OCCNCCCF)c2)N1CC(F)(F)F,HDRWLCNLGWCVEP,1,1
VDDZZCZXKACKKC-CJLVFECKSA-N,Cc1nccnc1/C(C(=O)O)=C1/C=CC(=O)C(c2ncnc3cc(N4CCOCC4)ccc23)=C1,US Patent,4.602059991,0,Cc1nccnc1/C(C(=O)O)=C1/C=CC(=O)C(c2ncnc3cc(N4CCOCC4)ccc23)=C1,VDDZZCZXKACKKC,0,0
NBDNSJRTVZQEOU-UHFFFAOYSA-N,Cc1nc2ccccc2n1Cc1cn(-c2ccc(Cl)c(Cl)c2)nn1,US Patent,6.850780887,1,Cc1nc2ccccc2n1Cc1cn(-c2ccc(Cl)c(Cl)c2)nn1,NBDNSJRTVZQEOU,0,0
XCUYCJFGWDLGRI-UHFFFAOYSA-N,Fc1ccc(-n2cc(Cc3cc[nH]n3)nn2)cc1C(F)F,US Patent,6.627087997,1,Fc1ccc(-n2cc(Cc3cc[nH]n3)nn2)cc1C(F)F,XCUYCJFGWDLGRI,0,0
PTIUBUNBWISPMY-UHFFFAOYSA-N,OCCc1nccn1Cn1cc(-c2ccc(S(F)(F)(F)(F)F)cc2)nn1,US Patent,6.580044252,1,OCCc1nccn1Cn1cc(-c2ccc(S(F)(F)(F)(F)F)cc2)nn1,PTIUBUNBWISPMY,0,0
SKEFXGBGLIGVDP-UHFFFAOYSA-N,Fc1cccc(Oc2cc(C(F)(F)F)nc(N3CCC4NCCCC4C3)n2)c1,US Patent,6.199970641,1,Fc1cccc(Oc2cc(C(F)(F)F)nc(N3CCC4NCCCC4C3)n2)c1,SKEFXGBGLIGVDP,1,1
ZCNZEMWIUOVGDU-UHFFFAOYSA-N,CCn1c(N2CCN(C(=O)OC(C)(C)C)CC2)nc2c(C#N)c(Br)c(Br)cc21,US Patent,6.113509275,1,CCn1c(N2CCN(C(=O)OC(C)(C)C)CC2)nc2c(C#N)c(Br)c(Br)cc21,ZCNZEMWIUOVGDU,1,1
WVMRNJPSSWNSQF-UHFFFAOYSA-N,CN(C)CC(C)(c1ccc2ccccc2c1)C(O)c1ccccc1,US Patent,6.070581074,1,CN(C)CC(C)(c1ccc2ccccc2c1)C(O)c1ccccc1,WVMRNJPSSWNSQF,1,1
WQTXJFYTZBONCP-UHFFFAOYSA-N,Clc1ccc(-c2cnn(Cc3cn4ccccc4n3)c2)cc1,US Patent,6.0,1,Clc1ccc(-c2cnn(Cc3cn4ccccc4n3)c2)cc1,WQTXJFYTZBONCP,0,0
GAVBLSFCTDBORN-KRWDZBQOSA-N,COC[C@H](CCc1ccc(Cl)c(Cl)c1)N1Cc2ccc(F)cc2C1,US Patent,5.795880017,1,COC[C@H](CCc1ccc(Cl)c(Cl)c1)N1Cc2ccc(F)cc2C1,GAVBLSFCTDBORN,0,0
MXQTZBCTXYVYLZ-WOJGMQOQSA-N,C/C(=C\c1cccnc1)c1nc2cc(C)c(C)cc2n1Cc1ccc(Cl)cc1,US Patent,5.0,1,C/C(=C\c1cccnc1)c1nc2cc(C)c(C)cc2n1Cc1ccc(Cl)cc1,MXQTZBCTXYVYLZ,1,1
UPHWMYMEWKSHEJ-UHFFFAOYSA-N,COC1CCC2(CC1)Cc1ccc(C#N)cc1C21N=C(N)N(CC2CCCO2)C1=O,US Patent,5.0,1,COC1CCC2(CC1)Cc1ccc(C#N)cc1C21N=C(N)N(CC2CCCO2)C1=O,UPHWMYMEWKSHEJ,1,1
QPDXCTUIFSTHQD-UHFFFAOYSA-N,COCCN(C)c1ncc(-c2nc3ccncc3n2-c2ccc(C)cc2)cn1,US Patent,5.0,1,COCCN(C)c1ncc(-c2nc3ccncc3n2-c2ccc(C)cc2)cn1,QPDXCTUIFSTHQD,0,0
ZAGKILKOITVECB-UHFFFAOYSA-N,CC(O)(c1cc(Cl)c(NC(=O)CC2CCCCC2)c(Cl)c1)C(F)(F)F,US Patent,5.0,1,CC(O)(c1cc(Cl)c(NC(=O)CC2CCCCC2)c(Cl)c1)C(F)(F)F,ZAGKILKOITVECB,0,0
WYRSKUBUFKBAFT-UHFFFAOYSA-N,NC(c1cc(Cl)c(NC(=O)NCc2ccc(C(F)(F)F)nc2)c(Cl)c1)C(F)(F)F,US Patent,5.0,1,NC(c1cc(Cl)c(NC(=O)NCc2ccc(C(F)(F)F)nc2)c(Cl)c1)C(F)(F)F,WYRSKUBUFKBAFT,0,0
MOEHGFZIHNMYIW-QRWMCTBCSA-N,CNCC(CCc1ccccc1)[C@H](O)c1ccccc1,US Patent,4.823908741,0,CNCC(CCc1ccccc1)[C@H](O)c1ccccc1,MOEHGFZIHNMYIW,1,1
STZQQINBQFSEJJ-SFTDATJTSA-N,c1ccc([C@@H]2OCCNC[C@H]2c2ccc3ccccc3c2)cc1,US Patent,4.698970004,0,c1ccc([C@@H]2OCCNC[C@H]2c2ccc3ccccc3c2)cc1,STZQQINBQFSEJJ,1,1
MHTDCZHUHNZKNA-SSDOTTSWSA-N,Cc1c(N)cccc1C[C@@H](C)NC(=O)C(F)(F)F,US Patent,4.657577319,0,Cc1c(N)cccc1C[C@@H](C)NC(=O)C(F)(F)F,MHTDCZHUHNZKNA,1,1
ZZLLQFDJKBAKCE-LJQANCHMSA-N,C[C@](CN)(Cc1cccnc1)c1ccc2ccccc2c1,US Patent,4.568636236,0,C[C@](CN)(Cc1cccnc1)c1ccc2ccccc2c1,ZZLLQFDJKBAKCE,1,1
MJNRVLDPXSZXRB-UHFFFAOYSA-N,CCS(=O)(=O)N1CC(CC#N)(n2cc(-c3ncnc4[nH]ccc34)cc2C#N)C1,US Patent,4.522878745,0,CCS(=O)(=O)N1CC(CC#N)(n2cc(-c3ncnc4[nH]ccc34)cc2C#N)C1,MJNRVLDPXSZXRB,0,0
LTBSXKNJCNNQFE-DHIUTWEWSA-N,c1ccc([C@]2(CCNCc3scc4c3CCC4)CCO[C@]3(CCOC3)C2)nc1,US Patent,4.397940009,0,c1ccc([C@]2(CCNCc3scc4c3CCC4)CCO[C@]3(CCOC3)C2)nc1,LTBSXKNJCNNQFE,0,0
RKZSNTNMEFVBDT-MRVPVSSYSA-N,CN[C@@H]1Cc2cccc3[nH]c(=O)n(c23)C1,"Didziapetris et al., 2016",5.0,1,CN[C@@H]1Cc2cccc3[nH]c(=O)n(c23)C1,RKZSNTNMEFVBDT,1,1
XUFQPHANEAPEMJ-UHFFFAOYSA-N,NC(N)=Nc1nc(CSCC/C(N)=N\S(N)(=O)=O)cs1,"Didziapetris et al., 2016",4.301029996,0,NC(N)=Nc1nc(CSCC/C(N)=N\S(N)(=O)=O)cs1,XUFQPHANEAPEMJ,1,1
GBNIPMMBTXPOHB-UHFFFAOYSA-N,COc1cc(O)c(C(=O)Nc2nc(C(=O)N(CCN(C(C)C)C(C)C)C(=O)c3cscn3)cs2)cc1OC,"Didziapetris et al., 2016",4.301029996,0,COc1cc(O)c(C(=O)Nc2nc(C(=O)N(CCN(C(C)C)C(C)C)C(=O)c3cscn3)cs2)cc1OC,GBNIPMMBTXPOHB,1,1
AQIXAKUUQRKLND-UHFFFAOYSA-N,CN/C(=N\C#N)NCCSCc1nc[nH]c1C,"Didziapetris et al., 2016",3.0,0,CN/C(=N\C#N)NCCSCc1nc[nH]c1C,AQIXAKUUQRKLND,1,1
YJIYWYAMZFVECX-UHFFFAOYSA-N,CC(=O)OCOC(=O)CN(CC(=O)OCOC(C)=O)c1ccccc1OCCOc1ccccc1N(CC(=O)OCOC(C)=O)CC(=O)OCOC(C)=O,"Didziapetris et al., 2016",5.882728704,1,CC(=O)OCOC(=O)CN(CC(=O)OCOC(C)=O)c1ccccc1OCCOc1ccccc1N(CC(=O)OCOC(C)=O)CC(=O)OCOC(C)=O,YJIYWYAMZFVECX,1,1
BLTCBVOJNNKFKC-QUDYQQOWSA-N,CCCCCCCCCCCCC/C=C/[C@@H](O)[C@H](CO)NC(C)=O,"Didziapetris et al., 2016",4.0,0,CCCCCCCCCCCCC/C=C/[C@@H](O)[C@H](CO)NC(C)=O,BLTCBVOJNNKFKC,1,1
IOSAAWHGJUZBOG-UHFFFAOYSA-N,CCCCCCC(C(C)O)n1cnc2c(N)ncnc21,"Didziapetris et al., 2016",4.096910013,0,CCCCCCC(C(C)O)n1cnc2c(N)ncnc21,IOSAAWHGJUZBOG,1,1
HJORMJIFDVBMOB-UHFFFAOYSA-N,COc1ccc(C2CNC(=O)C2)cc1OC1CCCC1,"Didziapetris et al., 2016",4.096910013,0,COc1ccc(C2CNC(=O)C2)cc1OC1CCCC1,HJORMJIFDVBMOB,1,1
PZRHRDRVRGEVNW-UHFFFAOYSA-N,Cc1[nH]c(=O)c(C#N)cc1-c1ccncc1,"Didziapetris et al., 2016",4.0,0,Cc1[nH]c(=O)c(C#N)cc1-c1ccncc1,PZRHRDRVRGEVNW,1,1
RNLQIBCLLYYYFJ-UHFFFAOYSA-N,Nc1cc(-c2ccncc2)c[nH]c1=O,"Didziapetris et al., 2016",4.0,0,Nc1cc(-c2ccncc2)c[nH]c1=O,RNLQIBCLLYYYFJ,1,1
REZGGXNDEMKIQB-UHFFFAOYSA-N,CCCOc1ccccc1-c1nc2[nH]nnc2c(=O)[nH]1,"Didziapetris et al., 2016",4.0,0,CCCOc1ccccc1-c1nc2[nH]nnc2c(=O)[nH]1,REZGGXNDEMKIQB,1,1
VKMFDKYCIKEDMR-UHFFFAOYSA-N,Cc1ccc(CC2(O)CCN(CCOc3ccc(O)cc3)CC2)cc1,"Didziapetris et al., 2016",6.161150909,1,Cc1ccc(CC2(O)CCN(CCOc3ccc(O)cc3)CC2)cc1,VKMFDKYCIKEDMR,1,1
AAGFPTSOPGCENQ-JLNYLFASSA-N,O=C1C=CC[C@@H]2[C@H]3CCCN4CCC[C@@H](CN12)[C@@H]34,"Didziapetris et al., 2016",3.628932138,0,O=C1C=CC[C@@H]2[C@H]3CCCN4CCC[C@@H](CN12)[C@@H]34,AAGFPTSOPGCENQ,0,1
BSYNRYMUTXBXSQ-UHFFFAOYSA-N,CC(=O)Oc1ccccc1C(=O)O,"Didziapetris et al., 2016",3.0,0,CC(=O)Oc1ccccc1C(=O)O,BSYNRYMUTXBXSQ,1,1
XFSBVAOIAHNAPC-CLEAKMIKSA-N,CCN1C[C@@]2(COC)C3[C@@H](OC)[C@H]4C1[C@]3(C(OC)C[C@H]2O)C1C[C@]2(O)C(OC)C(O)[C@@]4(OC(C)=O)C1[C@H]2OC(=O)c1ccccc1,"Didziapetris et al., 2016",4.869666232,0,CCN1C[C@@]2(COC)C3[C@@H](OC)[C@H]4C1[C@]3(C(OC)C[C@H]2O)C1C[C@]2(O)C(OC)C(O)[C@@]4(OC(C)=O)C1[C@H]2OC(=O)c1ccccc1,XFSBVAOIAHNAPC,1,1
JLKIGFTWXXRPMT-UHFFFAOYSA-N,Cc1cc(NS(=O)(=O)c2ccc(N)cc2)no1,"Didziapetris et al., 2016",2.657577319,0,Cc1cc(NS(=O)(=O)c2ccc(N)cc2)no1,JLKIGFTWXXRPMT,1,1
QEMXHQIAXOOASZ-UHFFFAOYSA-N,C[N+](C)(C)C,"Didziapetris et al., 2016",1.204119983,0,C[N+](C)(C)C,QEMXHQIAXOOASZ,1,1
CBXCPBUEXACCNR-UHFFFAOYSA-N,CC[N+](CC)(CC)CC,"Didziapetris et al., 2016",1.336299075,0,CC[N+](CC)(CC)CC,CBXCPBUEXACCNR,1,1
OSBSFAARYOCBHB-UHFFFAOYSA-N,CCC[N+](CCC)(CCC)CCC,"Didziapetris et al., 2016",2.129011186,0,CCC[N+](CCC)(CCC)CCC,OSBSFAARYOCBHB,1,1
BROVXIYHWJSPHN-UHFFFAOYSA-N,COc1ccc(CNc2nnc(N3CCC4(CC3)CC(O)C4)c3ccc(C#N)cc23)cc1Cl,"Didziapetris et al., 2016",7.390405591,1,COc1ccc(CNc2nnc(N3CCC4(CC3)CC(O)C4)c3ccc(C#N)cc23)cc1Cl,BROVXIYHWJSPHN,1,1
PHHPLSLJGPCULR-UHFFFAOYSA-N,O=C(COc1c(C(=O)NCc2ccccc2)ccc2ccccc12)Nc1ccccc1N1CCCC1=O,"Didziapetris et al., 2016",4.877456476,0,O=C(COc1c(C(=O)NCc2ccccc2)ccc2ccccc12)Nc1ccccc1N1CCCC1=O,PHHPLSLJGPCULR,1,1
YMKQHDAHIYZQBF-IBGZPJMESA-N,C[C@H](NC(=O)c1cc(S(=O)(=O)N2CCOCC2)ccc1N1CCCCC1)c1cc2ccccc2o1,"Didziapetris et al., 2016",5.09420412,1,C[C@H](NC(=O)c1cc(S(=O)(=O)N2CCOCC2)ccc1N1CCCCC1)c1cc2ccccc2o1,YMKQHDAHIYZQBF,1,1
HTYGLMAQMBADNY-UHFFFAOYSA-N,O=C(c1cccc(S(=O)(=O)N2CCc3ccccc3C2)c1)N1CCC(OCc2ccccc2)CC1,"Didziapetris et al., 2016",5.134896025,1,O=C(c1cccc(S(=O)(=O)N2CCc3ccccc3C2)c1)N1CCC(OCc2ccccc2)CC1,HTYGLMAQMBADNY,1,1
VKTKASGXLLSXMD-UHFFFAOYSA-N,CN(CCOCc1ccc(F)cc1)C(=O)c1cccc(S(=O)(=O)N2CCc3ccccc3C2)c1,"Didziapetris et al., 2016",5.064492734,1,CN(CCOCc1ccc(F)cc1)C(=O)c1cccc(S(=O)(=O)N2CCc3ccccc3C2)c1,VKTKASGXLLSXMD,1,1
KDSHDUKPKXKQFE-UHFFFAOYSA-N,CN(c1ccccc1)S(=O)(=O)c1cccc(C(=O)N2CCN(C(=O)Cc3ccc(F)cc3)CC2)c1,"Didziapetris et al., 2016",5.024108864,1,CN(c1ccccc1)S(=O)(=O)c1cccc(C(=O)N2CCN(C(=O)Cc3ccc(F)cc3)CC2)c1,KDSHDUKPKXKQFE,1,1
GHQOKQYRSPUTQP-UHFFFAOYSA-N,CCOc1ccc(NS(=O)(=O)c2cccc(C(=O)N(C)Cc3nc4ccccc4s3)c2)cc1,"Didziapetris et al., 2016",5.074172425,1,CCOc1ccc(NS(=O)(=O)c2cccc(C(=O)N(C)Cc3nc4ccccc4s3)c2)cc1,GHQOKQYRSPUTQP,1,1
HPOUSNSHNPFEKM-AMVUTOCUSA-N,O=C(c1cccc(S(=O)(=O)C2CCc3ccccc3C2)c1)N1CCO[C@H](c2ccc(F)cc2)C1,"Didziapetris et al., 2016",5.049148541,1,O=C(c1cccc(S(=O)(=O)C2CCc3ccccc3C2)c1)N1CCO[C@H](c2ccc(F)cc2)C1,HPOUSNSHNPFEKM,1,1
VYNLDXGRJIMEOF-UHFFFAOYSA-N,O=C(CSc1nnc(N2CCOCC2)n1-c1ccccc1)NCc1cccc(NC(=O)C2CC2)c1,"Didziapetris et al., 2016",4.522878745,0,O=C(CSc1nnc(N2CCOCC2)n1-c1ccccc1)NCc1cccc(NC(=O)C2CC2)c1,VYNLDXGRJIMEOF,1,1
NKTPEOGOPSVFNX-FQEVSTJZSA-N,CC(=O)N(c1ccccc1)c1nc(COC(=O)[C@H]2CC(=O)N(c3cccc4ccccc34)C2)cs1,"Didziapetris et al., 2016",4.522878745,0,CC(=O)N(c1ccccc1)c1nc(COC(=O)[C@H]2CC(=O)N(c3cccc4ccccc34)C2)cs1,NKTPEOGOPSVFNX,1,1
IUQOZVTUICEYPX-UHFFFAOYSA-N,O=C(NCc1cccc(CN2CCCC2=O)c1)NCC(c1ccccc1)c1ccccc1,"Didziapetris et al., 2016",4.522878745,0,O=C(NCc1cccc(CN2CCCC2=O)c1)NCC(c1ccccc1)c1ccccc1,IUQOZVTUICEYPX,1,1
BNSZTNPXATWJNC-OAHLLOKOSA-N,C[C@@H](OC(=O)c1cccc(S(=O)(=O)Nc2ccc3c(c2)OCO3)c1)C(=O)c1c[nH]c2ccccc12,"Didziapetris et al., 2016",4.522878745,0,C[C@@H](OC(=O)c1cccc(S(=O)(=O)Nc2ccc3c(c2)OCO3)c1)C(=O)c1c[nH]c2ccccc12,BNSZTNPXATWJNC,1,1
FJWYRXZZNJNXER-SANMLTNESA-N,O=C(NCCc1ccccn1)[C@@H]1Cc2ccccc2CN1S(=O)(=O)c1ccc2ccccc2c1,"Didziapetris et al., 2016",4.522878745,0,O=C(NCCc1ccccn1)[C@@H]1Cc2ccccc2CN1S(=O)(=O)c1ccc2ccccc2c1,FJWYRXZZNJNXER,1,1
FNRMQXKIOYLKTO-VWLOTQADSA-N,CCOc1ccc(NS(=O)(=O)c2ccc(C)c(C(=O)N3CCO[C@H](c4ccc(F)cc4)C3)c2)cc1,"Didziapetris et al., 2016",4.522878745,0,CCOc1ccc(NS(=O)(=O)c2ccc(C)c(C(=O)N3CCO[C@H](c4ccc(F)cc4)C3)c2)cc1,FNRMQXKIOYLKTO,1,1
QEPDZFYNUHRSGL-UHFFFAOYSA-N,Clc1ccc(CC2CC[N+](CCc3ccccc3)(CCc3ccccc3)CC2)cc1,"Didziapetris et al., 2016",6.080921908,1,Clc1ccc(CC2CC[N+](CCc3ccccc3)(CCc3ccccc3)CC2)cc1,QEPDZFYNUHRSGL,1,1
XFYDIVBRZNQMJC-UHFFFAOYSA-N,Clc1ccc2nsnc2c1NC1=NCCN1,"Didziapetris et al., 2016",4.0,0,Clc1ccc2nsnc2c1NC1=NCCN1,XFYDIVBRZNQMJC,1,1
MPDGHEJMBKOTSU-YKLVYJNSSA-N,CC1(C)[C@@H](O)CC[C@@]2(C)[C@H]1CC[C@]1(C)[C@@H]2C(=O)C=C2[C@@H]3C[C@@](C)(C(=O)O)CC[C@]3(C)CC[C@]21C,"Didziapetris et al., 2016",4.0,0,CC1(C)[C@@H](O)CC[C@]2(C)[C@H]3C(=O)C=C4[C@@H]5C[C@@](C)(C(=O)O)CC[C@]5(C)CC[C@@]4(C)[C@]3(C)CC[C@@H]12,MPDGHEJMBKOTSU,1,1
BEDYMEDICHGLSE-UHFFFAOYSA-N,CCC(=O)N1CCc2cc(OC)c(O)cc2C1,"Didziapetris et al., 2016",3.301029996,0,CCC(=O)N1CCc2cc(OC)c(O)cc2C1,BEDYMEDICHGLSE,1,1
UMJUNUMSJDTYTM-UHFFFAOYSA-N,N=C(N)SCCc1ccc(OCc2ccc([N+](=O)[O-])cc2)cc1,"Didziapetris et al., 2016",7.0,1,N=C(N)SCCc1ccc(OCc2ccc([N+](=O)[O-])cc2)cc1,UMJUNUMSJDTYTM,1,1
HEDRZPFGACZZDS-UHFFFAOYSA-N,ClC(Cl)Cl,"Didziapetris et al., 2016",2.397940009,0,ClC(Cl)Cl,HEDRZPFGACZZDS,1,1
GMNAPBAUIVITMI-BDKDDEIASA-N,CN[C@@H](C)[C@H]1[C@H](O)CC2(C)[C@@H]3CC[C@H]4C(C)(C)[C@@H](NC)CCC45CC35CC[C@]12C,"Didziapetris et al., 2016",4.705533774,0,CN[C@@H](C)[C@H]1[C@H](O)CC2(C)[C@@H]3CC[C@H]4C(C)(C)[C@@H](NC)CCC45CC35CC[C@]12C,GMNAPBAUIVITMI,1,1
DFHFANKUDVSVRU-QGZVFWFLSA-N,CC(C)Oc1ccccc1[C@]1(O)C(N)=Nc2ccc(Cl)cc21,"Didziapetris et al., 2016",4.721246399,0,CC(C)Oc1ccccc1[C@]1(O)C(N)=Nc2ccc(Cl)cc21,DFHFANKUDVSVRU,1,1
KNFXVTATVGJJAA-INIZCTEOSA-N,CCOc1cccc(F)c1[C@]1(O)C(N)=Nc2ccc(Cl)cc21,"Didziapetris et al., 2016",4.677780705,0,CCOc1cccc(F)c1[C@]1(O)C(N)=Nc2ccc(Cl)cc21,KNFXVTATVGJJAA,1,1
AUHPEHFGZROMSA-CQSZACIVSA-N,NC1=Nc2ccc(Cl)cc2[C@]1(O)c1ccccc1,"Didziapetris et al., 2016",4.602059991,0,NC1=Nc2ccc(Cl)cc2[C@]1(O)c1ccccc1,AUHPEHFGZROMSA,1,1
ZWZLOTRNIARCOD-UHFFFAOYSA-N,Fc1ccc(C(OCCN2CCCC2)c2nncn2Cc2ccccc2)cc1,"Didziapetris et al., 2016",5.420216403,1,Fc1ccc(C(OCCN2CCCC2)c2nncn2Cc2ccccc2)cc1,ZWZLOTRNIARCOD,1,1
GNHCIEJXXWVTRN-UHFFFAOYSA-N,O=S(=O)(c1ccc(F)cc1)N1CCc2nc(OC3CCN(C4CCC4)CC3)ccc2C1,"Didziapetris et al., 2016",6.167491087,1,O=S(=O)(c1ccc(F)cc1)N1CCc2nc(OC3CCN(C4CCC4)CC3)ccc2C1,GNHCIEJXXWVTRN,1,1
RFHAOTPXVQNOHP-UHFFFAOYSA-N,OC(Cn1cncn1)(Cn1cncn1)c1ccc(F)cc1F,"Didziapetris et al., 2016",4.318758763,0,OC(Cn1cncn1)(Cn1cncn1)c1ccc(F)cc1F,RFHAOTPXVQNOHP,1,1
ADFVBEOHHMMWBZ-UHFFFAOYSA-N,Oc1c(CN2CCCC2)cc(Nc2ncnc3ccccc23)cc1CN1CCCC1,"Didziapetris et al., 2016",4.739928612,0,Oc1c(CN2CCCC2)cc(Nc2ncnc3ccccc23)cc1CN1CCCC1,ADFVBEOHHMMWBZ,1,1
ZSBXGIUJOOQZMP-UKTARXLSSA-N,O=C1CCC[C@H]2[C@@H]3CCCN4CCC[C@H](CN12)[C@H]34,"Didziapetris et al., 2016",3.386158178,0,O=C1CCC[C@H]2[C@@H]3CCCN4CCC[C@H](CN12)[C@H]34,ZSBXGIUJOOQZMP,1,1
INDBQLZJXZLFIT-UHFFFAOYSA-N,COc1cc(NC(C)CCCN)c2ncccc2c1,"Didziapetris et al., 2016",4.66756154,0,COc1cc(NC(C)CCCN)c2ncccc2c1,INDBQLZJXZLFIT,1,1
FKSOCJRHXHEXDT-INIZCTEOSA-N,COC(=O)N1CC[C@H](N(Cc2cccc(F)c2F)c2ccc(C#N)c(Cl)c2)C1,"Didziapetris et al., 2016",5.397940009,1,COC(=O)N1CC[C@H](N(Cc2cccc(F)c2F)c2ccc(C#N)c(Cl)c2)C1,FKSOCJRHXHEXDT,1,1
OZPKJJKDNMHOQW-UHFFFAOYSA-N,CC(C)n1c(=O)n(C(=O)NCC2CCC(CC3(C(=O)O)CCC3)CC2)c2ccccc21,"Didziapetris et al., 2016",4.244125144,0,CC(C)n1c(=O)n(C(=O)NCC2CCC(CC3(C(=O)O)CCC3)CC2)c2ccccc21,OZPKJJKDNMHOQW,1,1
NBUVTEUWOVUHAU-UHFFFAOYSA-N,c1ccc(CN(c2cccc3[nH]ncc23)C2CCNCC2)cc1,"Didziapetris et al., 2016",5.0,1,c1ccc(CN(c2cccc3[nH]ncc23)C2CCNCC2)cc1,NBUVTEUWOVUHAU,1,1
YWBYAAXIALYEHT-UHFFFAOYSA-N,c1ccc(CN(c2cccc3sccc23)C2CCNCC2)cc1,"Didziapetris et al., 2016",5.0,1,c1ccc(CN(c2cccc3sccc23)C2CCNCC2)cc1,YWBYAAXIALYEHT,1,1
YWPKYJALPZQETH-UHFFFAOYSA-N,Cn1ccc2c(N(Cc3ccccc3)C3CCNCC3)cccc21,"Didziapetris et al., 2016",4.698970004,0,Cn1ccc2c(N(Cc3ccccc3)C3CCNCC3)cccc21,YWPKYJALPZQETH,1,1
ATHXSUUALPPPJV-UHFFFAOYSA-N,CC(C)N1CCC(Nc2ccc3[nH]c(C(=O)N4CCCCC4)cc3c2)CC1,"Didziapetris et al., 2016",3.698970004,0,CC(C)N1CCC(Nc2ccc3[nH]c(C(=O)N4CCCCC4)cc3c2)CC1,ATHXSUUALPPPJV,0,0
DUGOZIWVEXMGBE-UHFFFAOYSA-N,COC(=O)C(c1ccccc1)C1CCCCN1,"Didziapetris et al., 2016",5.0,1,COC(=O)C(c1ccccc1)C1CCCCN1,DUGOZIWVEXMGBE,1,1
GUVKALIOCDHSBZ-UHFFFAOYSA-N,C=C1CC23CC4C5C6(C)CC(C(=O)OC)CC57C2C(O)C1C(C(=O)OC)C3(O)C7N4C6,"Didziapetris et al., 2016",4.0,0,C=C1CC23CC4C5C6(C)CC(C(=O)OC)CC57C2C(O)C1C(C(=O)OC)C3(O)C7N4C6,GUVKALIOCDHSBZ,1,1
KSDWAJPUTRBIRR-KLJDGLGGSA-N,CCNC(=O)[C@H](Cc1ccc(O)c(C(C)(C)C)c1)NC(=O)[C@H](C(C)C)N(C)C(=O)[C@H](Cc1ccc(F)cc1)NC,"Didziapetris et al., 2016",5.0,1,CCNC(=O)[C@H](Cc1ccc(O)c(C(C)(C)C)c1)NC(=O)[C@H](C(C)C)N(C)C(=O)[C@H](Cc1ccc(F)cc1)NC,KSDWAJPUTRBIRR,1,1
KTUFNOKKBVMGRW-UHFFFAOYSA-N,Cc1ccc(NC(=O)c2ccc(CN3CCN(C)CC3)cc2)cc1Nc1nccc(-c2cccnc2)n1,"Didziapetris et al., 2016",4.709965389,0,Cc1ccc(NC(=O)c2ccc(CN3CCN(C)CC3)cc2)cc1Nc1nccc(-c2cccnc2)n1,KTUFNOKKBVMGRW,1,1
HYXITZLLTYIPOF-UHFFFAOYSA-N,Cc1coc2c1C(=O)C(=O)c1c-2ccc2c1CCCC2(C)C,"Didziapetris et al., 2016",4.0,0,Cc1coc2c1C(=O)C(=O)c1c-2ccc2c1CCCC2(C)C,HYXITZLLTYIPOF,1,1
YWTYQMOCEJQDIR-UHFFFAOYSA-N,CCC(CC)CN(Cc1ccc(F)cc1)C1CCN(Cc2ccc(N(CC)CC)cc2)CC1,"Didziapetris et al., 2016",4.0,0,CCC(CC)CN(Cc1ccc(F)cc1)C1CCN(Cc2ccc(N(CC)CC)cc2)CC1,YWTYQMOCEJQDIR,1,1
IVPYLWCXKMTLSS-UHFFFAOYSA-N,CCc1cc(CNC(=O)CNCC(=O)N2CCN(C(c3ccccc3)c3ccc(Cl)cc3)CC2)cc(CC)c1CC,"Didziapetris et al., 2016",4.716698771,0,CCc1cc(CNC(=O)CNCC(=O)N2CCN(C(c3ccccc3)c3ccc(Cl)cc3)CC2)cc(CC)c1CC,IVPYLWCXKMTLSS,1,1
OANCEOSLKSTLTA-REWPJTCUSA-N,CN(C)C(=O)COc1ccc2c(c1)C[C@@H](NC[C@H](O)c1ccc(O)c(CCO)c1)CC2,"Didziapetris et al., 2016",5.0,1,CN(C)C(=O)COc1ccc2c(c1)C[C@@H](NC[C@H](O)c1ccc(O)c(CCO)c1)CC2,OANCEOSLKSTLTA,1,1
ASUTZQLVASHGKV-JDFRZJQESA-N,COc1ccc2c3c1O[C@H]1C[C@@H](O)C=C[C@@]31CCN(C)C2,"Didziapetris et al., 2016",3.119186408,0,COc1ccc2c3c1O[C@H]1C[C@@H](O)C=C[C@@]31CCN(C)C2,ASUTZQLVASHGKV,1,1
FHTXCGJNDDPSQI-UHFFFAOYSA-N,CC(=O)CNC(=O)C1CCC(c2nc(-c3cccc(Br)c3)c[nH]2)CC1,"Didziapetris et al., 2016",6.0,1,CC(=O)CNC(=O)C1CCC(c2nc(-c3cccc(Br)c3)c[nH]2)CC1,FHTXCGJNDDPSQI,0,0
FFLKPRMUNQCFGJ-UHFFFAOYSA-N,FC(F)(F)c1cccc(-c2c[nH]c(-c3ccccc3)n2)c1,"Didziapetris et al., 2016",5.698970004,1,FC(F)(F)c1cccc(-c2c[nH]c(-c3ccccc3)n2)c1,FFLKPRMUNQCFGJ,0,0
YEEZWCHGZNKEEK-UHFFFAOYSA-N,COc1cc(C(=O)NS(=O)(=O)c2ccccc2C)ccc1Cc1cn(C)c2ccc(NC(=O)OC3CCCC3)cc12,"Didziapetris et al., 2016",4.600326279,0,COc1cc(C(=O)NS(=O)(=O)c2ccccc2C)ccc1Cc1cn(C)c2ccc(NC(=O)OC3CCCC3)cc12,YEEZWCHGZNKEEK,1,1
JOFWLTCLBGQGBO-UHFFFAOYSA-N,Cc1nnc2n1-c1ccc(Cl)cc1C(c1ccccc1Cl)=NC2,"Didziapetris et al., 2016",4.300162274,0,Cc1nnc2n1-c1ccc(Cl)cc1C(c1ccccc1Cl)=NC2,JOFWLTCLBGQGBO,1,1
BVHNVGSFGLCREV-MRXNPFEDSA-N,CC(=O)N1CCc2nc(-c3ccc(OCCCN4CCC[C@H]4C)cc3)sc2C1,"Didziapetris et al., 2016",5.200659451,1,CC(=O)N1CCc2nc(-c3ccc(OCCCN4CCC[C@H]4C)cc3)sc2C1,BVHNVGSFGLCREV,1,1
RZPOCZHUFDCVQZ-QGZVFWFLSA-N,C[C@@H](Oc1cccc2ncnc(Nc3ccc4c(cnn4Cc4nccs4)c3)c12)C(=O)N1CCOCC1,"Didziapetris et al., 2016",4.638272164,0,C[C@@H](Oc1cccc2ncnc(Nc3ccc4c(cnn4Cc4nccs4)c3)c12)C(=O)N1CCOCC1,RZPOCZHUFDCVQZ,1,1
DSJVYEAOYVHUJW-CVDCTZTESA-N,C[C@@H](CNCc1ccccc1)N1C[C@H](CCCNC(=N)N)N(CCc2cccc(F)c2)C1=S,"Didziapetris et al., 2016",5.0,1,C[C@@H](CNCc1ccccc1)N1C[C@H](CCCNC(=N)N)N(CCc2cccc(F)c2)C1=S,DSJVYEAOYVHUJW,1,1
HYBRYAPKQCZIAE-UHFFFAOYSA-N,COc1ccc2c(c1OC)CN(C)CCc1cc3c(cc1C(=O)C2)OCO3,"Didziapetris et al., 2016",4.304518324,0,COc1ccc2c(c1OC)CN(C)CCc1cc3c(cc1C(=O)C2)OCO3,HYBRYAPKQCZIAE,1,1
GQWYWHOHRVVHAP-HZIRKPFGSA-N,C/C1=C\[C@H](C)C[C@H](C)OC(=O)C[C@H](c2ccc(O)cc2)NC(=O)[C@@H](Cc2c(Br)[nH]c3ccccc23)N(C)C(=O)[C@H](C)NC(=O)[C@H](C)C1,"Didziapetris et al., 2016",3.638272164,0,C/C1=C\[C@H](C)C[C@H](C)OC(=O)C[C@H](c2ccc(O)cc2)NC(=O)[C@@H](Cc2c(Br)[nH]c3ccccc23)N(C)C(=O)[C@H](C)NC(=O)[C@H](C)C1,GQWYWHOHRVVHAP,0,0
HSTMYWDURDPUMY-ZWKOTPCHSA-N,N#Cc1c(Cl)cccc1OC[C@H](O)CN1CCC[C@H]1Cc1ccccc1,"Didziapetris et al., 2016",5.906578315,1,N#Cc1c(Cl)cccc1OC[C@H](O)CN1CCC[C@H]1Cc1ccccc1,HSTMYWDURDPUMY,1,1
KTEIFNKAUNYNJU-LBPRGKRZSA-N,C[C@H](Oc1cc(-c2cnn(C3CCNCC3)c2)cnc1N)c1c(Cl)ccc(F)c1Cl,"Didziapetris et al., 2016",5.769551079,1,C[C@H](Oc1cc(-c2cnn(C3CCNCC3)c2)cnc1N)c1c(Cl)ccc(F)c1Cl,KTEIFNKAUNYNJU,1,1
MISLLVIAQVULCL-GOSISDBHSA-N,Oc1ccc([C@H](O)CN2CCC(O)(c3ccc(F)cc3)CC2)cc1,"Didziapetris et al., 2016",6.22184875,1,Oc1ccc([C@H](O)CN2CCC(O)(c3ccc(F)cc3)CC2)cc1,MISLLVIAQVULCL,0,0
CQEJOMCUMORDJA-IGMYMOLDSA-N,CCN1C[C@]2(COC)CCC(O)[C@]34C5C[C@]6(O)C(OC)C(O)[C@@](OC(=O)c7ccc(OC)c(OC)c7)(C5[C@H]6O)[C@H](C13)[C@H](OC)C24,"Didziapetris et al., 2016",3.853871964,0,CCN1C[C@]2(COC)CCC(O)[C@]34C5C[C@]6(O)C(OC)C(O)[C@@](OC(=O)c7ccc(OC)c(OC)c7)(C5[C@H]6O)[C@H](C13)[C@H](OC)C24,CQEJOMCUMORDJA,0,0
KAPXFTSEJFXDSG-SOHSDTSLSA-N,CCN1C[C@]2(CO)CCC(O)[C@]34C5C[C@@H]6C(OC)C(O)[C@@](OC)(C5[C@H]6O)[C@](O)(C13)[C@H](O)C24,"Didziapetris et al., 2016",3.853871964,0,CCN1C[C@]2(CO)CCC(O)[C@]34C5C[C@@H]6C(OC)C(O)[C@@](OC)(C5[C@H]6O)[C@](O)(C13)[C@H](O)C24,KAPXFTSEJFXDSG,0,0
NCFXPSTWPUGLEA-PCDDXAEGSA-N,CCN1C[C@]2(CO)CCC(OC)[C@]34C5C[C@@H]6C(OC)C[C@@](O)(C5[C@H]6O)[C@](O)(C13)[C@H](OC)C24,"Didziapetris et al., 2016",3.920818754,0,CCN1C[C@]2(CO)CCC(OC)[C@]34C5C[C@@H]6C(OC)C[C@@](O)(C5[C@H]6O)[C@](O)(C13)[C@H](OC)C24,NCFXPSTWPUGLEA,0,0
OPXOMKDSNYMMTQ-UHFFFAOYSA-N,Clc1ccccc1CN1CCOCC1,"Didziapetris et al., 2016",4.22184875,0,Clc1ccccc1CN1CCOCC1,OPXOMKDSNYMMTQ,0,0
NKNGAORFGPSYJG-UHFFFAOYSA-N,CC1(C)CCC(NC(=O)c2cc3c(Cl)cc(Cl)cc3[nH]2)CC1,"Didziapetris et al., 2016",4.522878745,0,CC1(C)CCC(NC(=O)c2cc3c(Cl)cc(Cl)cc3[nH]2)CC1,NKNGAORFGPSYJG,1,1
UHIXWHUVLCAJQL-MPBGBICISA-N,C[C@@H](n1cnc2cc(Cl)ccc2c1=O)[C@](O)(Cn1cncn1)c1ccc(F)cc1F,"Didziapetris et al., 2016",4.457672617,0,C[C@@H](n1cnc2cc(Cl)ccc2c1=O)[C@](O)(Cn1cncn1)c1ccc(F)cc1F,UHIXWHUVLCAJQL,1,1
AULLTYAISZREAX-UHFFFAOYSA-N,COc1cc(N)c(Cl)cc1C(=O)NCC1CCN(CCCn2ccnn2)CC1,"Didziapetris et al., 2016",4.301029996,0,COc1cc(N)c(Cl)cc1C(=O)NCC1CCN(CCCn2ccnn2)CC1,AULLTYAISZREAX,1,1
FZTUKFZQAANKSG-UHFFFAOYSA-N,COc1cc(Oc2ccncc2CN(C)C)ccc1SC,"Didziapetris et al., 2016",5.616184634,1,COc1cc(Oc2ccncc2CN(C)C)ccc1SC,FZTUKFZQAANKSG,1,1
GXAQELJVODWLDD-SFHVURJKSA-N,CN(C)C[C@H]1CCc2cc(NC(=O)c3ccc(-c4ccc(F)cc4)cc3)ccc2C1,"Didziapetris et al., 2016",5.853871964,1,CN(C)C[C@H]1CCc2cc(NC(=O)c3ccc(-c4ccc(F)cc4)cc3)ccc2C1,GXAQELJVODWLDD,1,1
UYWJSVWWLKLHND-UHFFFAOYSA-N,CC(C)(C)c1cc(-c2nnc(SCc3ccc(Cl)c(Cl)c3)s2)cc(C(C)(C)C)c1O,"Didziapetris et al., 2016",4.096910013,0,CC(C)(C)c1cc(-c2nnc(SCc3ccc(Cl)c(Cl)c3)s2)cc(C(C)(C)C)c1O,UYWJSVWWLKLHND,1,1
FJUYVGXXNUNWDT-UHFFFAOYSA-N,Cc1cc2c3c([n+](C)c4ccc(F)cc4c3c1)-c1cc(F)ccc1N2C,"Didziapetris et al., 2016",6.0,1,Cc1cc2c3c([n+](C)c4ccc(F)cc4c3c1)-c1cc(F)ccc1N2C,FJUYVGXXNUNWDT,1,1
RTXWDRWCKYDECO-UHFFFAOYSA-N,Cc1cc2c3c([n+](C)c4ccccc4c3c1)-c1ccccc1S2,"Didziapetris et al., 2016",6.0,1,Cc1cc2c3c([n+](C)c4ccccc4c3c1)-c1ccccc1S2,RTXWDRWCKYDECO,1,1
VQAPRZXSTQAINR-UHFFFAOYSA-N,Cc1cc2c3c([n+](C)c4cc(CN)ccc4c3c1)-c1ccccc1N2C,"Didziapetris et al., 2016",4.259637311,0,Cc1cc2c3c([n+](C)c4cc(CN)ccc4c3c1)-c1ccccc1N2C,VQAPRZXSTQAINR,0,0
DYHXKBFENQGZBU-JGCGQSQUSA-O,Cc1cc2c3c([n+](C)c4cc(NC(=O)CC[S@@+](C)[O-])ccc4c3c1)-c1ccccc1N2C,"Didziapetris et al., 2016",4.283996656,0,Cc1cc2c3c([n+](C)c4cc(NC(=O)CC[S@@+](C)[O-])ccc4c3c1)-c1ccccc1N2C,DYHXKBFENQGZBU,0,0
UKFQZLLXRFQIPE-UHFFFAOYSA-N,Cc1cc2c3c([n+](C)c4ccccc4c3c1)-c1ccccc1O2,"Didziapetris et al., 2016",5.795880017,1,Cc1cc2c3c([n+](C)c4ccccc4c3c1)-c1ccccc1O2,UKFQZLLXRFQIPE,0,0
TTXIFFYPVGWLSE-UHFFFAOYSA-N,Fc1ccc(C(c2ccc(F)cc2)N2CCNCC2)cc1,"Didziapetris et al., 2016",5.795880017,1,Fc1ccc(C(c2ccc(F)cc2)N2CCNCC2)cc1,TTXIFFYPVGWLSE,1,1
LSQARZALBDFYQZ-UHFFFAOYSA-N,O=C(c1ccc(F)cc1)c1ccc(F)cc1,"Didziapetris et al., 2016",4.142667504,0,O=C(c1ccc(F)cc1)c1ccc(F)cc1,LSQARZALBDFYQZ,1,1
WCTZPQWLFWZYJE-UHFFFAOYSA-N,OC(c1ccc(F)cc1)c1ccc(F)cc1,"Didziapetris et al., 2016",4.004364805,0,OC(c1ccc(F)cc1)c1ccc(F)cc1,WCTZPQWLFWZYJE,1,1
DQYBRTASHMYDJG-UHFFFAOYSA-N,O=C1NC(=O)C(c2c[nH]c3ccccc23)=C1c1c[nH]c2ccccc12,"Didziapetris et al., 2016",4.958607315,0,O=C1NC(=O)C(c2c[nH]c3ccccc23)=C1c1c[nH]c2ccccc12,DQYBRTASHMYDJG,1,1
QZWUQVSQIFFFKY-UHFFFAOYSA-N,CS(=O)(=O)Nc1ccc(OCC(O)CNCCOc2ccc(-n3ccnc3)cc2)cc1,"Didziapetris et al., 2016",6.397940009,1,CS(=O)(=O)Nc1ccc(OCC(O)CNCCOc2ccc(-n3ccnc3)cc2)cc1,QZWUQVSQIFFFKY,1,1
PETGITKEGWIZEL-UHFFFAOYSA-N,N=C(Nc1ccc(OCCCCCOc2ccc(NC(=N)c3ccccc3)cc2)cc1)c1ccccc1,"Didziapetris et al., 2016",5.0,1,N=C(Nc1ccc(OCCCCCOc2ccc(NC(=N)c3ccccc3)cc2)cc1)c1ccccc1,PETGITKEGWIZEL,1,1
VKCKAMBPNXKGHL-UHFFFAOYSA-N,COc1ccccc1CNCc1cccc(CCNCC(O)c2ccc(O)c3[nH]c(=O)sc23)c1,"Didziapetris et al., 2016",5.0,1,COc1ccccc1CNCc1cccc(CCNCC(O)c2ccc(O)c3[nH]c(=O)sc23)c1,VKCKAMBPNXKGHL,1,1
GFAWLUIEPMDUPY-UHFFFAOYSA-N,COc1ccc(CCn2ncc(C(=O)c3ccc(C)c(C)c3)n2)cc1,"Didziapetris et al., 2016",4.301029996,0,COc1ccc(CCn2ncc(C(=O)c3ccc(C)c(C)c3)n2)cc1,GFAWLUIEPMDUPY,1,1
FUERRNCGMWRRBE-WSQYJPPESA-N,N#Cc1ccc2c(c1)CCC2N1C[C@H](N)[C@H](C(=O)N2CCC[C@H]2C#N)C1,"Didziapetris et al., 2016",5.853871964,1,N#Cc1ccc2c(c1)CCC2N1C[C@H](N)[C@H](C(=O)N2CCC[C@H]2C#N)C1,FUERRNCGMWRRBE,0,0
ZEWAIPRWPQISNU-DOMZBBRYSA-N,N[C@H]1CN(Cc2ccc(F)c(F)c2)C[C@H]1C(=O)N1CCCC1,"Didziapetris et al., 2016",4.0,0,N[C@H]1CN(Cc2ccc(F)c(F)c2)C[C@H]1C(=O)N1CCCC1,ZEWAIPRWPQISNU,0,0
OXMNNXNJYBRVAW-KGLIPLIRSA-N,N[C@H]1CN(C(=O)c2cc3cc(Cl)ccc3o2)C[C@H]1C(=O)N1CCCC1,"Didziapetris et al., 2016",4.22184875,0,N[C@H]1CN(C(=O)c2cc3cc(Cl)ccc3o2)C[C@H]1C(=O)N1CCCC1,OXMNNXNJYBRVAW,0,0
FVEPPGNZFFPAJK-AGIABQAESA-N,CC(c1ccc([N+](=O)[O-])cc1)N1C[C@H](N)[C@H](C(=O)N2CCCC2)C1,"Didziapetris et al., 2016",4.173925197,0,CC(c1ccc([N+](=O)[O-])cc1)N1C[C@H](N)[C@H](C(=O)N2CCCC2)C1,FVEPPGNZFFPAJK,0,0
GKUBXAODDPGLFL-FZVDNZMDSA-N,N#C[C@@H]1CCCN1C(=O)[C@@H]1CN(C2CCOc3ccccc32)C[C@@H]1N,"Didziapetris et al., 2016",3.886056648,0,N#C[C@@H]1CCCN1C(=O)[C@@H]1CN(C2CCOc3ccccc32)C[C@@H]1N,GKUBXAODDPGLFL,0,0
ZAUSYVOHDJOJCH-OLZOCXBDSA-N,N[C@H]1CN(C(=O)c2ccc3ncsc3c2)C[C@H]1C(=O)N1CCCC1,"Didziapetris et al., 2016",3.522878745,0,N[C@H]1CN(C(=O)c2ccc3ncsc3c2)C[C@H]1C(=O)N1CCCC1,ZAUSYVOHDJOJCH,1,1
BPSNKHBRCPDEOJ-UHFFFAOYSA-N,CC(=O)NC1CCN(Cc2ccc(OCc3ccc(Cl)cc3)c(Cl)c2)C1,"Didziapetris et al., 2016",5.920818754,1,CC(=O)NC1CCN(Cc2ccc(OCc3ccc(Cl)cc3)c(Cl)c2)C1,BPSNKHBRCPDEOJ,0,0
OYEDTTNTNYKSFX-UHFFFAOYSA-N,C(#Cc1cccc(C#Cc2ccccc2)c1)c1ccccc1,"Didziapetris et al., 2016",5.0,1,C(#Cc1cccc(C#Cc2ccccc2)c1)c1ccccc1,OYEDTTNTNYKSFX,1,1
FQRJEVZKXXYICG-UHFFFAOYSA-N,CS(=O)(=O)Nc1ccc(OCC(=O)N2CCN(c3ccc(Cl)c(Cl)c3)CC2)cc1,"Didziapetris et al., 2016",6.124938737,1,CS(=O)(=O)Nc1ccc(OCC(=O)N2CCN(c3ccc(Cl)c(Cl)c3)CC2)cc1,FQRJEVZKXXYICG,0,0
HJWGMEHOJPIGHZ-UHFFFAOYSA-N,CS(=O)(=O)Nc1ccc(OCC(=O)NCCCc2ccc(Cl)c(Cl)c2)cc1,"Didziapetris et al., 2016",4.0,0,CS(=O)(=O)Nc1ccc(OCC(=O)NCCCc2ccc(Cl)c(Cl)c2)cc1,HJWGMEHOJPIGHZ,1,1
LDGHTELTCNTBIY-UHFFFAOYSA-N,O=C(OCc1ccccc1)N1CCC(Cc2nc3ccccc3[nH]2)CC1,"Didziapetris et al., 2016",5.017728767,1,O=C(OCc1ccccc1)N1CCC(Cc2nc3ccccc3[nH]2)CC1,LDGHTELTCNTBIY,1,1
VSSRALNHWPBCRX-UHFFFAOYSA-N,Cc1ccc(CC(=O)N2CCC(CCNc3ncccn3)CC2)cc1,"Didziapetris et al., 2016",5.508638306,1,Cc1ccc(CC(=O)N2CCC(CCNc3ncccn3)CC2)cc1,VSSRALNHWPBCRX,1,1
ZDRPBJDDRMAOKL-UHFFFAOYSA-N,N#CN=C(NCc1ccccc1)NN1CCC(CNc2ncccn2)CC1,"Didziapetris et al., 2016",5.0,1,N#CN=C(NCc1ccccc1)NN1CCC(CNc2ncccn2)CC1,ZDRPBJDDRMAOKL,1,1
CMNAOKMSNCWOHS-UHFFFAOYSA-N,COCc1c(Cl)ccc2c1CCC2c1ncc[nH]1,"Didziapetris et al., 2016",5.0,1,COCc1c(Cl)ccc2c1CCC2c1ncc[nH]1,CMNAOKMSNCWOHS,1,1
WPBINAIKMINNER-UHFFFAOYSA-N,Fc1cnn(Cc2c(F)ccc3c2CCC3c2ncc[nH]2)c1,"Didziapetris et al., 2016",5.0,1,Fc1cnn(Cc2c(F)ccc3c2CCC3c2ncc[nH]2)c1,WPBINAIKMINNER,1,1
JFUAWXPBHXKZGA-IBGZPJMESA-N,CC(C)(C[C@@](O)(Cc1cc2ccncc2[nH]1)C(F)(F)F)c1cc(F)ccc1O,"Didziapetris et al., 2016",5.346787486,1,CC(C)(C[C@@](O)(Cc1cc2ccncc2[nH]1)C(F)(F)F)c1cc(F)ccc1O,JFUAWXPBHXKZGA,1,1
PDGUQPADGLCLCV-UHFFFAOYSA-N,Cc1nnc(Sc2nc3cc(Cl)c(Cl)cc3nc2C(F)(F)F)s1,"Didziapetris et al., 2016",5.0,1,Cc1nnc(Sc2nc3cc(Cl)c(Cl)cc3nc2C(F)(F)F)s1,PDGUQPADGLCLCV,1,1
KQDRVXQXKZXMHP-UHFFFAOYSA-N,CC(C)Cc1ccc(C(C)C(=O)NS(C)(=O)=O)cc1,"Didziapetris et al., 2016",5.0,1,CC(C)Cc1ccc(C(C)C(=O)NS(C)(=O)=O)cc1,KQDRVXQXKZXMHP,1,1
OUGCUPYREMACGK-ZETCQYMHSA-N,C[C@H](C(=O)O)c1ccc(Nc2nc(C(F)(F)F)cs2)cc1,"Didziapetris et al., 2016",5.0,1,C[C@H](C(=O)O)c1ccc(Nc2nc(C(F)(F)F)cs2)cc1,OUGCUPYREMACGK,1,1
ANDGBIBENVSINF-SSDOTTSWSA-N,C[C@H](c1ccc(Nc2nc(C(F)(F)F)cs2)cc1)c1nnn[nH]1,"Didziapetris et al., 2016",5.0,1,C[C@H](c1ccc(Nc2nc(C(F)(F)F)cs2)cc1)c1nnn[nH]1,ANDGBIBENVSINF,1,1
OPUOULCEMAHGSK-UHFFFAOYSA-N,CC(F)(C(=O)NS(C)(=O)=O)c1ccc(OS(=O)(=O)C(F)(F)F)cc1,"Didziapetris et al., 2016",5.0,1,CC(F)(C(=O)NS(C)(=O)=O)c1ccc(OS(=O)(=O)C(F)(F)F)cc1,OPUOULCEMAHGSK,1,1
GUHPRPJDBZHYCJ-VIFPVBQESA-N,C[C@H](C(=O)O)c1ccc(C(=O)c2ccccc2)s1,"Didziapetris et al., 2016",5.0,1,C[C@H](C(=O)O)c1ccc(C(=O)c2ccccc2)s1,GUHPRPJDBZHYCJ,1,1
HEFNNWSXXWATRW-JTQLQIEISA-N,CC(C)Cc1ccc([C@H](C)C(=O)O)cc1,"Didziapetris et al., 2016",5.0,1,CC(C)Cc1ccc([C@H](C)C(=O)O)cc1,HEFNNWSXXWATRW,1,1
CWWWTTYMUOYSQA-LLVKDONJSA-N,NCCc1c[nH]c(=S)n1[C@H]1COc2c(F)cc(F)cc2C1,"Didziapetris et al., 2016",3.920818754,0,NCCc1c[nH]c(=S)n1[C@H]1COc2c(F)cc(F)cc2C1,CWWWTTYMUOYSQA,1,1
DDLIGBOFAVUZHB-UHFFFAOYSA-N,Cc1ncc2n1-c1ccc(Cl)cc1C(c1ccccc1F)=NC2,"Didziapetris et al., 2016",4.866461092,0,Cc1ncc2n1-c1ccc(Cl)cc1C(c1ccccc1F)=NC2,DDLIGBOFAVUZHB,1,1
AXRYRYVKAWYZBR-GASGPIRDSA-N,COC(=O)N[C@H](C(=O)N[C@@H](Cc1ccccc1)[C@@H](O)CN(Cc1ccc(-c2ccccn2)cc1)NC(=O)[C@@H](NC(=O)OC)C(C)(C)C)C(C)(C)C,"Didziapetris et al., 2016",5.244125144,1,COC(=O)N[C@H](C(=O)N[C@@H](Cc1ccccc1)[C@@H](O)CN(Cc1ccc(-c2ccccn2)cc1)NC(=O)[C@@H](NC(=O)OC)C(C)(C)C)C(C)(C)C,AXRYRYVKAWYZBR,1,1
LREUBQQMJXJGNU-ZGFZYKMBSA-N,O=C(CN1C(=O)[C@]2(CCOC[C@H]2F)OC1c1cccc(Cl)c1)Nc1cc2c(cn1)C[C@]1(C2)C(=O)Nc2ncccc21,"Didziapetris et al., 2016",4.721246399,0,O=C(CN1C(=O)[C@]2(CCOC[C@H]2F)OC1c1cccc(Cl)c1)Nc1cc2c(cn1)C[C@]1(C2)C(=O)Nc2ncccc21,LREUBQQMJXJGNU,1,1
GLYIJXKREAPDJO-UHFFFAOYSA-N,Cc1c(O)c(=O)ccn1-c1ccc(OCCCN2CCCC2)cc1,"Didziapetris et al., 2016",4.301029996,0,Cc1c(O)c(=O)ccn1-c1ccc(OCCCN2CCCC2)cc1,GLYIJXKREAPDJO,0,0
HLMBXBGDBBCYII-UHFFFAOYSA-N,COc1ccc(CCCOC(Cn2ccnc2)c2ccc(OC)cc2)cc1,"Didziapetris et al., 2016",5.522878745,1,COc1ccc(CCCOC(Cn2ccnc2)c2ccc(OC)cc2)cc1,HLMBXBGDBBCYII,1,1
BVHLJIHSMAAKFM-UHFFFAOYSA-N,CC(C)(O)CNC(=O)c1ccc(C(c2ccc(OCc3ccccn3)cc2)C(C)(C)C)cn1,"Didziapetris et al., 2016",4.698970004,0,CC(C)(O)CNC(=O)c1ccc(C(c2ccc(OCc3ccccn3)cc2)C(C)(C)C)cn1,BVHLJIHSMAAKFM,1,1
IPJNVOACZCOOQN-UHFFFAOYSA-N,Nc1nnc(-c2ccc(C3(c4ccc(OCc5ccccn5)cc4)CCCO3)cn2)o1,"Didziapetris et al., 2016",4.494850022,0,Nc1nnc(-c2ccc(C3(c4ccc(OCc5ccccn5)cc4)CCCO3)cn2)o1,IPJNVOACZCOOQN,1,1
ABPVDVWWLANDBC-UHFFFAOYSA-N,Nc1cnc(COc2ccc(C3(c4ccc(-c5nnco5)nc4)CCCO3)cc2)cn1,"Didziapetris et al., 2016",4.494850022,0,Nc1cnc(COc2ccc(C3(c4ccc(-c5nnco5)nc4)CCCO3)cc2)cn1,ABPVDVWWLANDBC,1,1
LMXIPLIXSFTUTJ-UHFFFAOYSA-N,CC1CCOC1(c1ccc(-c2cnc(N)cn2)cc1)c1ccc(C(=O)NCC(C)(C)O)nc1,"Didziapetris et al., 2016",4.494850022,0,CC1CCOC1(c1ccc(-c2cnc(N)cn2)cc1)c1ccc(C(=O)NCC(C)(C)O)nc1,LMXIPLIXSFTUTJ,1,1
POGQSBRIGCQNEG-UHFFFAOYSA-N,NC(=O)c1cn(Cc2c(F)cccc2F)nn1,"Didziapetris et al., 2016",4.0,0,NC(=O)c1cn(Cc2c(F)cccc2F)nn1,POGQSBRIGCQNEG,1,1
FBRKYRSUSJWLHH-IOZGHAEBSA-N,CC[C@@H]1CN2CCc3cc(OC)c(OC)cc3[C@H]2C[C@H]1CC1=NCCc2cc(OC)c(OC)cc21,"Didziapetris et al., 2016",4.903089987,0,CC[C@@H]1CN2CCc3cc(OC)c(OC)cc3[C@H]2C[C@H]1CC1=NCCc2cc(OC)c(OC)cc21,FBRKYRSUSJWLHH,1,1
RZVAJINKPMORJF-UHFFFAOYSA-N,CC(=O)Nc1ccc(O)cc1,"Didziapetris et al., 2016",4.698970004,0,CC(=O)Nc1ccc(O)cc1,RZVAJINKPMORJF,1,1
WIIZWVCIJKGZOK-RKDXNWHRSA-N,O=C(N[C@H](CO)[C@H](O)c1ccc([N+](=O)[O-])cc1)C(Cl)Cl,"Didziapetris et al., 2016",4.698970004,0,O=C(N[C@H](CO)[C@H](O)c1ccc([N+](=O)[O-])cc1)C(Cl)Cl,WIIZWVCIJKGZOK,1,1
YBHLETUAEBDXIP-MRXNPFEDSA-N,C[C@@H]1CCCN1CCc1ccc2cc(-n3ncccc3=O)ccc2c1,"Didziapetris et al., 2016",5.244125144,1,C[C@@H]1CCCN1CCc1ccc2cc(-n3ncccc3=O)ccc2c1,YBHLETUAEBDXIP,1,1
GMJFZBHEMFCZIR-UHFFFAOYSA-M,O=C([O-])COCC[N+]1CC[N+](C(c2ccccc2)c2ccc(Cl)cc2)CC1,"Doddareddy et al., 2010",4.522878745,0,O=C([O-])COCC[N+]1CC[N+](C(c2ccccc2)c2ccc(Cl)cc2)CC1,GMJFZBHEMFCZIR,1,1
OGXKOXVZGAIVJE-UHFFFAOYSA-N,CCS(=O)(=O)C[N+]C1c2cc(C[N+])ccc2OC(C)(C)C1O,"Doddareddy et al., 2010",5.180456065,1,CCS(=O)(=O)C[N+]C1c2cc(C[N+])ccc2OC(C)(C)C1O,OGXKOXVZGAIVJE,1,1
OGQHWELSDGZYOF-UHFFFAOYSA-N,C[N+]1CCCC1CCOC(C)(c1ccccc1)c1ccc(Cl)cc1,"Doddareddy et al., 2010",7.920818754,1,C[N+]1CCCC1CCOC(C)(c1ccccc1)c1ccc(Cl)cc1,OGQHWELSDGZYOF,1,1
NDUDJADOYQLVBP-UHFFFAOYSA-N,C[N+](C)CCOC(c1ccccc1)c1ccccc1,"Doddareddy et al., 2010",4.568636236,0,C[N+](C)CCOC(c1ccccc1)c1ccccc1,NDUDJADOYQLVBP,1,1
FPYCEXHFFXGXBX-UHFFFAOYSA-N,Cc1cccc(C)c1NC(=O)C1CCCC[N+]1CC1CC1,"Doddareddy et al., 2010",4.698970004,0,Cc1cccc(C)c1NC(=O)C1CCCC[N+]1CC1CC1,FPYCEXHFFXGXBX,1,1
WKIDXYNSLWZPGZ-UHFFFAOYSA-N,COC(=O)C1=CCC2CCC1[N+]2C,"Doddareddy et al., 2010",3.770011164,0,COC(=O)C1=CCC2CCC1[N+]2C,WKIDXYNSLWZPGZ,1,1
WDLCRPUFOKJNEU-UHFFFAOYSA-N,C[N+]1CCCC1c1cccnc1,"Doddareddy et al., 2010",3.610833916,0,C[N+]1CCCC1c1cccnc1,WDLCRPUFOKJNEU,1,1
WXPOYNLWAIDRCF-UHFFFAOYSA-N,CC(Cc1ccccc1)[N+]CCC(c1ccccc1)c1ccccc1,"Doddareddy et al., 2010",6.0,1,CC(Cc1ccccc1)[N+]CCC(c1ccccc1)c1ccccc1,WXPOYNLWAIDRCF,1,1
NCDNCNXCDXHOMX-XGKFQTDJSA-N,CC(C)c1nc(CN(C)C(=O)N[C@H](C(=O)N[C@@H](Cc2ccccc2)C[C@H](O)[C@H](Cc2ccccc2)NC(=O)OCc2cncs2)C(C)C)cs1,"Doddareddy et al., 2010",5.086186148,1,CC(C)c1nc(CN(C)C(=O)N[C@H](C(=O)N[C@@H](Cc2ccccc2)C[C@H](O)[C@H](Cc2ccccc2)NC(=O)OCc2cncs2)C(C)C)cs1,NCDNCNXCDXHOMX,1,1
MMMVCRCPRDJPIZ-UHFFFAOYSA-N,CC(CC(c1ccccc1)c1ccccc1)[N+]C(C)(C)C,"Doddareddy et al., 2010",5.821023053,1,CC(CC(c1ccccc1)c1ccccc1)[N+]C(C)(C)C,MMMVCRCPRDJPIZ,1,1
PELVIWZRAPOYAC-UHFFFAOYSA-N,CN(CCN(C)S(=O)(=O)c1ccc(NS(C)(=O)=O)cc1)c1nc2ccccc2n1C,"Doddareddy et al., 2010",6.690156995,1,CN(CCN(C)S(=O)(=O)c1ccc(NS(C)(=O)=O)cc1)c1nc2ccccc2n1C,PELVIWZRAPOYAC,1,1
FQMKIHAIJVUQMW-UHFFFAOYSA-M,C[N+]1C2CCC1C(C(=O)[O-])C(OC(=O)c1ccccc1)C2,"Doddareddy et al., 2010",2.400007822,0,C[N+]1C2CCC1C(C(=O)[O-])C(OC(=O)c1ccccc1)C2,FQMKIHAIJVUQMW,1,1
ZQGIYIULJMGBER-UHFFFAOYSA-N,c1ccc(C2(c3ccccc3)CC2C2=[NH+]CC[N]2)cc1,"Doddareddy et al., 2010",4.638272164,0,c1ccc(C2(c3ccccc3)CC2C2=[NH+]CC[N]2)cc1,GAQHCFHAMKAGOE,1,1
NRQSZGRFSAAGML-UHFFFAOYSA-N,COC(=O)C1C(O)CC2CCC1[N+]2C,"Doddareddy et al., 2010",2.220042949,0,COC(=O)C1C(O)CC2CCC1[N+]2C,NRQSZGRFSAAGML,1,1
LQHJNPOLJRIJNN-UHFFFAOYSA-N,C1CCC2(C1)C1C[N+](CC3CC3)CC2C[N+](CC2CC2)C1,"Doddareddy et al., 2010",5.602059991,1,C1CCC2(C1)C1C[N+](CC3CC3)CC2C[N+](CC2CC2)C1,LQHJNPOLJRIJNN,1,1
NQZYDIWYPVKGER-SFHVURJKSA-N,C[N+]1CC[N+]([C@@H]2c3ccccc3Nc3ccc(Cl)cc3N2O)CC1,"Doddareddy et al., 2010",3.875169851,0,C[N+]1CC[N+]([C@@H]2c3ccccc3Nc3ccc(Cl)cc3N2O)CC1,NQZYDIWYPVKGER,1,1
MNVNPNBWOHKKPU-UHFFFAOYSA-N,Cc1cccc(C)c1NC(=O)CC12CCC[N+]1CCC2,"Doddareddy et al., 2010",4.690369833,0,Cc1cccc(C)c1NC(=O)CC12CCC[N+]1CCC2,MNVNPNBWOHKKPU,1,1
FRVUOTVOYLJPCA-UHFFFAOYSA-N,C[N+]1CCCCC1c1c(-c2ccccc2)[nH]c2ccccc12,"Doddareddy et al., 2010",5.15490196,1,C[N+]1CCCCC1c1c(-c2ccccc2)[nH]c2ccccc12,FRVUOTVOYLJPCA,1,1
WSZUPYCNEWBHKR-UHFFFAOYSA-N,O=C(OCc1ccccc1)N1CCC(CNC2N=CC=[SH]2)CC1,"Doddareddy et al., 2010",6.060480747,1,O=C(OCc1ccccc1)N1CCC(CNC2N=CC=[SH]2)CC1,ZEAZTFCBLCVQRU,1,1
CYZOBDVPCDGVGS-UHFFFAOYSA-N,O=C1c2ccc(OCc3ccccc3)cc2CCC1CCN1CCC(c2ccccc2)CC1,"Doddareddy et al., 2010",6.769551079,1,O=C1c2ccc(OCc3ccccc3)cc2CCC1CCN1CCC(c2ccccc2)CC1,CYZOBDVPCDGVGS,1,1
DMAQQUULTGXWQK-ARPOTICCSA-N,O[C@@H]1c2ccc(OCc3ccccc3-c3ccccc3)cc2CC[C@H]1CCN1CCC(c2ccccc2)CC1,"Doddareddy et al., 2010",5.823908741,1,O[C@@H]1c2ccc(OCc3ccccc3-c3ccccc3)cc2CC[C@H]1CCN1CCC(c2ccccc2)CC1,DMAQQUULTGXWQK,1,1
ZKEREZNJKGRMFY-UHFFFAOYSA-N,Cc1cc(C)n(-c2cc(NC(=O)Cc3ccc(S(C)(=O)=O)cc3)nc(-c3ccccn3)n2)n1,"Doddareddy et al., 2010",5.397940009,1,Cc1cc(C)n(-c2cc(NC(=O)Cc3ccc(S(C)(=O)=O)cc3)nc(-c3ccccn3)n2)n1,ZKEREZNJKGRMFY,0,0
HKLGBZGYRPIFOH-UHFFFAOYSA-N,Cc1c(CC(=O)O)c2cc(F)ccc2n1S(=O)(=O)c1ccc(S(C)(=O)=O)cc1,"Doddareddy et al., 2010",4.301029996,0,Cc1c(CC(=O)O)c2cc(F)ccc2n1S(=O)(=O)c1ccc(S(C)(=O)=O)cc1,HKLGBZGYRPIFOH,1,1
ONYSJEFYBAEJEU-UHFFFAOYSA-O,CCOc1nc(C(=O)Nc2ccc[n+](C)c2)cc(N)c1C#N,"Doddareddy et al., 2010",4.0,0,CCOc1nc(C(=O)Nc2ccc[n+](C)c2)cc(N)c1C#N,ONYSJEFYBAEJEU,1,1
WSIXKAHFCWLWHX-NHWGVUCVSA-N,C=C[C@H]1C[C@]1(NC(=O)[C@@H]1C[C@@H]2CN1C(=O)[C@H](C(C)(C)C)NC(=O)OCCCC=Cc1ccc3ccnc(c3c1)O2)C(=O)NS(=O)(=O)C1CC1,"Doddareddy et al., 2010",4.522878745,0,C=C[C@H]1C[C@]1(NC(=O)[C@@H]1C[C@@H]2CN1C(=O)[C@H](C(C)(C)C)NC(=O)OCCCC=Cc1ccc3ccnc(c3c1)O2)C(=O)NS(=O)(=O)C1CC1,WSIXKAHFCWLWHX,1,1
KICCGGGRQKPBIH-BTTYYORXSA-N,Cc1nc2ccccc2n1[C@@H]1C[C@H]2COC[C@@H](C1)N2C,"Doddareddy et al., 2010",7.37675071,1,Cc1nc2ccccc2n1[C@@H]1C[C@H]2COC[C@@H](C1)N2C,KICCGGGRQKPBIH,1,1
JXPULDIATMTIIN-UHFFFAOYSA-N,O=C(Nc1cccc(C(F)(F)F)c1)Nc1ccc(Br)cc1-c1nnn[nH]1,"Doddareddy et al., 2010",4.100179498,0,O=C(Nc1cccc(C(F)(F)F)c1)Nc1ccc(Br)cc1-c1nnn[nH]1,JXPULDIATMTIIN,1,1
DEZFNHCVIZBHBI-UHFFFAOYSA-N,CC(=O)c1c(O)c(C)c(O)c(Cc2c(O)c3c(c(C(=O)C=Cc4ccccc4)c2O)OC(C)(C)C=C3)c1O,"Doddareddy et al., 2010",6.283996656,1,CC(=O)c1c(O)c(C)c(O)c(Cc2c(O)c3c(c(C(=O)C=Cc4ccccc4)c2O)OC(C)(C)C=C3)c1O,DEZFNHCVIZBHBI,1,1
QVBHCFGSOSHZJU-UHFFFAOYSA-N,O=C(c1cccc2c1OC(c1ccc(-c3ccccc3)cc1)CC2)N1CCCC1,"Doddareddy et al., 2010",5.26760624,1,O=C(c1cccc2c1OC(c1ccc(-c3ccccc3)cc1)CC2)N1CCCC1,QVBHCFGSOSHZJU,1,1
LEKUJLQQZVXLAU-GKVSMKOHSA-N,CCCCN(CCCC)CC[C@H](O)c1cc2c(Cl)cc(Cl)cc2c2c1=CC[C@H](C(F)(F)F)C=2,"Doddareddy et al., 2010",6.705754284,1,CCCCN(CCCC)CC[C@H](O)c1cc2c(Cl)cc(Cl)cc2c2c1=CC[C@H](C(F)(F)F)C=2,LEKUJLQQZVXLAU,1,1
IMGGWISNLMKMPR-OKILXGFUSA-N,CN1[C@H]2CCC[C@@H]1CN(CC(=O)c1nn(C)c3ccccc13)C2,"Doddareddy et al., 2010",5.428291168,1,CN1[C@@H]2CCC[C@H]1CN(CC(=O)c1nn(C)c3ccccc13)C2,IMGGWISNLMKMPR,1,1
VYLABSMQLHGDJB-MHZLTWQESA-N,COc1ccc(CCN(CCC[C@@](C)(C#N)c2ccc(OC)c(OC)c2)C(C)C)cc1OC,"Doddareddy et al., 2010",6.844663963,1,COc1ccc(CCN(CCC[C@@](C)(C#N)c2ccc(OC)c(OC)c2)C(C)C)cc1OC,VYLABSMQLHGDJB,1,1
ZGDKVKUWTCGYOA-UHFFFAOYSA-N,CCON=C(c1ccc(Br)cc1)C1CCN(C2(C)CCN(C(=O)c3c(C)cc[n+]([O-])c3C)CC2)CC1,"Doddareddy et al., 2010",5.958607315,1,CCON=C(c1ccc(Br)cc1)C1CCN(C2(C)CCN(C(=O)c3c(C)cc[n+]([O-])c3C)CC2)CC1,ZGDKVKUWTCGYOA,1,1
LJMDQOSAVJNIPL-GWGYHSHPSA-N,C[C@@H]([C@@H](O)c1ccc2c(c1)CCC(O)N2)N1CCC(O)(c2ccccc2)CC1,"Doddareddy et al., 2010",5.0,1,C[C@@H]([C@@H](O)c1ccc2c(c1)CCC(O)N2)N1CCC(O)(c2ccccc2)CC1,LJMDQOSAVJNIPL,1,1
MMPZNODECHHWIW-UHFFFAOYSA-N,CN1CCOCC1c1nc(C(=O)NCc2ccc(F)cc2)c(O)c(=O)n1C,"Doddareddy et al., 2010",4.619788758,0,CN1CCOCC1c1nc(C(=O)NCc2ccc(F)cc2)c(O)c(=O)n1C,MMPZNODECHHWIW,1,1
AKDSILHOBDFVFX-UHFFFAOYSA-N,CC(C)CN1CC2CN(CC(C)C)CC(C1)C21CCCCC1,"Doddareddy et al., 2010",4.202732459,0,CC(C)CN1CC2CN(CC(C)C)CC(C1)C21CCCCC1,AKDSILHOBDFVFX,1,1
CJHBAEAPGVCZBV-UHFFFAOYSA-N,Cc1c(CN(C)CC(O)c2ncccn2)sc2c(=O)c(C(=O)NCc3ccc(F)cc3)cn(C)c12,"Doddareddy et al., 2010",5.698970004,1,Cc1c(CN(C)CC(O)c2ncccn2)sc2c(=O)c(C(=O)NCc3ccc(F)cc3)cn(C)c12,CJHBAEAPGVCZBV,1,1
IADBDKSADXUIBX-UHFFFAOYSA-N,O=S1(=O)CCN(c2ccc(Nc3ncc4ccn(-c5ccccn5)c4n3)cc2)CC1,"Doddareddy et al., 2010",5.0,1,O=S1(=O)CCN(c2ccc(Nc3ncc4ccn(-c5ccccn5)c4n3)cc2)CC1,IADBDKSADXUIBX,1,1
FAKRSMQSSFJEIM-RQJHMYQMSA-N,C[C@H](CS)C(=O)N1CCC[C@H]1C(=O)O,"Doddareddy et al., 2010",2.522878745,0,C[C@H](CS)C(=O)N1CCC[C@H]1C(=O)O,FAKRSMQSSFJEIM,1,1
HVSJHHXUORMCGK-UONOGXRCSA-N,CCS(=O)(=O)N(C)[C@H]1c2cc(C#N)ccc2OC(C)(C)[C@@H]1O,"Doddareddy et al., 2010",5.180002267,1,CCS(=O)(=O)N(C)[C@H]1c2cc(C#N)ccc2OC(C)(C)[C@@H]1O,HVSJHHXUORMCGK,1,1
ZVDHXNWPBXOHJF-UHFFFAOYSA-N,Nc1cc(CNC(=O)c2ccc(Oc3ccc(OCc4cccc(F)c4)cc3)nc2)ccn1,"Doddareddy et al., 2010",4.0,0,Nc1cc(CNC(=O)c2ccc(Oc3ccc(OCc4cccc(F)c4)cc3)nc2)ccn1,ZVDHXNWPBXOHJF,1,1
LTRSQBSUNYICJX-SFHVURJKSA-N,CN1CCN([C@@H]2c3ccccc3Nc3ccc(Cl)cc3N2O)CC1,"Munwar et al., 2019",3.875169851,0,CN1CCN([C@@H]2c3ccccc3Nc3ccc(Cl)cc3N2O)CC1,LTRSQBSUNYICJX,0,1
CHLLVQZFMABVHW-UHFFFAOYSA-N,Cc1cc(Cl)ccc1-c1nc2c(cc1-c1ccc(Cl)cc1)C(N=C(O)C(O)C(F)(F)F)CC(C)(C)O2,"Konda et al., 2019",6.589999288,1,Cc1cc(Cl)ccc1-c1nc2c(cc1-c1ccc(Cl)cc1)C(N=C(O)C(O)C(F)(F)F)CC(C)(C)O2,CHLLVQZFMABVHW,1,1
IEJXVRYNEISIKR-UHFFFAOYSA-N,Nc1cc(Cl)c(N=C2NCCN2)c(Cl)c1,"Konda et al., 2019",6.149999868,1,Nc1cc(Cl)c(N=C2NCCN2)c(Cl)c1,IEJXVRYNEISIKR,0,0
SNICMGDUOVKOPQ-UHFFFAOYSA-N,Fc1ccc(C(OCCCc2c[nH]cn2)c2ccc(F)cc2)cc1,"Konda et al., 2019",5.84999986,1,Fc1ccc(C(OCCCc2c[nH]cn2)c2ccc(F)cc2)cc1,SNICMGDUOVKOPQ,1,1
VEXZGXHMUGYJMC-UHFFFAOYSA-M,[Cl-],"Konda et al., 2019",5.200000031,1,[Cl-],VEXZGXHMUGYJMC,0,0
DIHXJZHAIHGSAW-UHFFFAOYSA-N,N=C(N)NC(=N)Nc1cccc(Cl)c1,"Konda et al., 2019",5.050000019,1,N=C(N)NC(=N)Nc1cccc(Cl)c1,DIHXJZHAIHGSAW,0,0
ALIFPGGMJDWMJH-UHFFFAOYSA-N,c1ccc(N=NNc2ccccc2)cc1,"Konda et al., 2019",4.400000001,0,c1ccc(N=NNc2ccccc2)cc1,ALIFPGGMJDWMJH,0,0
ZKLPARSLTMPFCP-UHFFFAOYSA-O,O=C([O-])COCC[NH+]1CC[NH+](C(c2ccccc2)c2ccc(Cl)cc2)CC1,"Konda et al., 2019",4.520000003,0,O=C([O-])COCC[NH+]1CC[NH+](C(c2ccccc2)c2ccc(Cl)cc2)CC1,ZKLPARSLTMPFCP,1,1
WBVSOLNLFCLORC-UHFFFAOYSA-P,CCS(=O)(=O)C[NH2+]C1c2cc(C[NH3+])ccc2OC(C)(C)C1O,"Konda et al., 2019",5.179999966,1,CCS(=O)(=O)C[NH2+]C1c2cc(C[NH3+])ccc2OC(C)(C)C1O,WBVSOLNLFCLORC,0,1
IPOBOOXFSRWSHL-UHFFFAOYSA-O,c1ccc(C2(c3ccccc3)CC2C2=[NH+]CCN2)cc1,"Konda et al., 2019",4.639999991,0,c1ccc(C2(c3ccccc3)CC2C2=[NH+]CCN2)cc1,IPOBOOXFSRWSHL,1,1
YNNUSGIPVFPVBX-UHFFFAOYSA-O,C[NH+]1CCCC1CCOC(C)(c1ccccc1)c1ccc(Cl)cc1,"Konda et al., 2019",7.920818754,1,C[NH+]1CCCC1CCOC(C)(c1ccccc1)c1ccc(Cl)cc1,YNNUSGIPVFPVBX,1,1
LTRSQBSUNYICJX-SFHVURJKSA-P,C[NH+]1CC[NH+]([C@@H]2c3ccccc3Nc3ccc(Cl)cc3N2O)CC1,"Konda et al., 2019",3.88,0,C[NH+]1CC[NH+]([C@@H]2c3ccccc3Nc3ccc(Cl)cc3N2O)CC1,LTRSQBSUNYICJX,1,1
ZZVUWRFHKOJYTH-UHFFFAOYSA-O,C[NH+](C)CCOC(c1ccccc1)c1ccccc1,"Konda et al., 2019",4.570000001,0,C[NH+](C)CCOC(c1ccccc1)c1ccccc1,ZZVUWRFHKOJYTH,1,1
TWTUKHSBMLITSH-AKJUYKBHSA-O,O=C(OC1C[C@@H]2CC3C[C@H](C1)[NH+]2CC3=O)C1=c2ccccc2=NC1,"Konda et al., 2019",5.229999967,1,O=C(OC1C[C@@H]2CC3C[C@H](C1)[NH+]2CC3=O)C1=c2ccccc2=NC1,TWTUKHSBMLITSH,1,1
FFWLPSTYHBXBAE-UHFFFAOYSA-O,O=C1N=c2ccccc2=[N+]1CCC[NH+]1CCC([N+]2=c3ccc(Cl)cc3=NC2=O)CC1,"Konda et al., 2019",6.790000026,1,O=C1N=c2ccccc2=[N+]1CCC[NH+]1CCC([N+]2=c3ccc(Cl)cc3=NC2=O)CC1,FFWLPSTYHBXBAE,1,1
UUSFDYSLDWOTOB-UHFFFAOYSA-O,O=C(CCC[N@@H+]1CC=C([N+]2=c3ccccc3=NC2=O)CC1)c1ccc(F)cc1,"Konda et al., 2019",7.48945499,1,O=C(CCC[N@@H+]1CC=C([N+]2=c3ccccc3=NC2=O)CC1)c1ccc(F)cc1,UUSFDYSLDWOTOB,1,1
QIQNNBXHAYSQRY-UHFFFAOYSA-O,COC(=O)C1C(O)CC2CCC1[NH+]2C,"Konda et al., 2019",2.22,0,COC(=O)C1C(O)CC2CCC1[NH+]2C,QIQNNBXHAYSQRY,1,1
WHWZLSFABNNENI-UHFFFAOYSA-O,NC1=[NH+]CC2c3ccccc3Cc3ccccc3N12,"Konda et al., 2019",3.779999999,0,NC1=[NH+]CC2c3ccccc3Cc3ccccc3N12,WHWZLSFABNNENI,1,1
HWQPKBLZEKRMGK-VUUHIHSGSA-O,Cc1c(F)c(N2CC[NH2+][C@H](C)C2)cc2c1C(=O)C(C(=O)[O-])C=[N+]2C1CC1,"Konda et al., 2019",4.179999999,0,Cc1c(F)c(N2CC[NH2+][C@H](C)C2)cc2c1C(=O)C(C(=O)[O-])C=[N+]2C1CC1,HWQPKBLZEKRMGK,1,1
DNUYDQISHIJMLD-UHFFFAOYSA-O,Cc1cccc(C)c1NC(=O)C1CCCC[NH+]1CC1CC1,"Konda et al., 2019",4.700000003,0,Cc1cccc(C)c1NC(=O)C1CCCC[NH+]1CC1CC1,DNUYDQISHIJMLD,1,1
APIXJSLKIYYUKG-UHFFFAOYSA-N,CC(C)Cn1c(=O)n(C)c(=O)c2nc[nH]c21,"Konda et al., 2019",5.0,1,CC(C)Cn1c(=O)n(C)c(=O)c2nc[nH]c21,APIXJSLKIYYUKG,1,1
MPSNEAHFGOEKBI-UHFFFAOYSA-O,COC(=O)C1=CCC2CCC1[NH+]2C,"Konda et al., 2019",3.770000001,0,COC(=O)C1=CCC2CCC1[NH+]2C,MPSNEAHFGOEKBI,1,1
AVTBWIUBCJLMAN-UHFFFAOYSA-O,O=c1cc[nH+]c(NCC2CCN(c3nc4ccccc4n3Cc3ccc(F)cc3)CC2)[nH]1,"Konda et al., 2019",6.359999833,1,O=c1cc[nH+]c(NCC2CCN(c3nc4ccccc4n3Cc3ccc(F)cc3)CC2)[nH]1,AVTBWIUBCJLMAN,1,1
SNICXCGAKADSCV-UHFFFAOYSA-O,C[NH+]1CCCC1c1cccnc1,"Konda et al., 2019",3.609999999,0,C[NH+]1CCCC1c1cccnc1,SNICXCGAKADSCV,1,1
NKPQTGNIPWSNNX-RILYDNKNSA-O,CCC[NH+]1C[C@H](CSC)C[C@@H]2c3cccc4c3C(C=N4)C[C@H]21,"Konda et al., 2019",6.920001602,1,CCC[NH+]1C[C@H](CSC)C[C@@H]2c3cccc4c3C(C=N4)C[C@H]21,NKPQTGNIPWSNNX,1,1
CYXKNKQEMFBLER-SFHVURJKSA-O,C1CCC(C(C[C@@H]2CCCC[NH2+]2)C2CCCCC2)CC1,"Konda et al., 2019",5.110000009,1,C1CCC(C(C[C@@H]2CCCC[NH2+]2)C2CCCCC2)CC1,CYXKNKQEMFBLER,1,1
BCQTVJKBTWGHCX-UHFFFAOYSA-O,Cc1cccc(C)c1NC(=O)CC12CCC[NH+]1CCC2,"Konda et al., 2019",4.69000001,0,Cc1cccc(C)c1NC(=O)CC12CCC[NH+]1CCC2,BCQTVJKBTWGHCX,1,1
SRXDFTXYNLJBGD-UHFFFAOYSA-O,O=C1N=c2ccccc2=[N+]1C1CC[NH+](CCCC(c2ccc(F)cc2)c2ccc(F)cc2)CC1,"Konda et al., 2019",7.739928612,1,O=C1N=c2ccccc2=[N+]1C1CC[NH+](CCCC(c2ccc(F)cc2)c2ccc(F)cc2)CC1,SRXDFTXYNLJBGD,1,1
IFFPICMESYHZPQ-UHFFFAOYSA-O,CC(Cc1ccccc1)[NH2+]CCC(c1ccccc1)c1ccccc1,"Konda et al., 2019",6.300000202,1,CC(Cc1ccccc1)[NH2+]CCC(c1ccccc1)c1ccccc1,IFFPICMESYHZPQ,1,1
CRIDMDBQMURTEF-UHFFFAOYSA-O,CCCC1=N[N+](C)=C2C(=O)N=C(c3cc(S(=O)(=O)N4CC[NH+](C)CC4)ccc3OCC)N=C12,"Konda et al., 2019",4.0,0,CCCC1=N[N+](C)=C2C(=O)N=C(c3cc(S(=O)(=O)N4CC[NH+](C)CC4)ccc3OCC)N=C12,CRIDMDBQMURTEF,1,1
ZYKYNFRMWCELGH-SLHIUPAKSA-O,C[C@H]1CN(c2c(F)c(N)c3c(c2F)[N+](C2CC2)=CC(C(=O)[O-])C3=O)C[C@@H](C)[NH2+]1,"Konda et al., 2019",4.73999999,0,C[C@@H]1CN(c2c(F)c(N)c3c(c2F)[N+](C2CC2)=CC(C(=O)[O-])C3=O)C[C@H](C)[NH2+]1,ZYKYNFRMWCELGH,1,1
CTIRHWCPXYGDGF-UHFFFAOYSA-P,C1CCC2(C1)C1C[NH+](CC3CC3)CC2C[NH+](CC2CC2)C1,"Konda et al., 2019",5.600000075,1,C1CCC2(C1)C1C[NH+](CC3CC3)CC2C[NH+](CC2CC2)C1,CTIRHWCPXYGDGF,1,1
UISARWKNNNHPGI-UHFFFAOYSA-O,CC(CC(c1ccccc1)c1ccccc1)[NH2+]C(C)(C)C,"Konda et al., 2019",5.820000071,1,CC(CC(c1ccccc1)c1ccccc1)[NH2+]C(C)(C)C,UISARWKNNNHPGI,1,1
YKKPUIDGSXNPRO-UHFFFAOYSA-O,C[NH+]1CCCCC1c1c(-c2ccccc2)[nH]c2ccccc12,"Konda et al., 2019",5.14999999,1,C[NH+]1CCCCC1c1c(-c2ccccc2)[nH]c2ccccc12,YKKPUIDGSXNPRO,1,1
FCTXLBYUGYESOW-UHFFFAOYSA-N,CC(=O)NC(=O)C1CCC(c2ncc(-c3cccc(Br)c3)[nH]2)CC1,"Konda et al., 2019",6.300000202,1,CC(=O)NC(=O)C1CCC(c2ncc(-c3cccc(Br)c3)[nH]2)CC1,FCTXLBYUGYESOW,1,1
HLOHOIBPGQBARU-OCEACIFDSA-N,Cc1cnc(-c2ccc3c(c2)CCN(CCCSC2=NN/C(=C4/C=c5ccccc5=N4)N2C)CC3)o1,"Konda et al., 2019",7.300162274,1,Cc1cnc(-c2ccc3c(c2)CCN(CCCSC2=NN/C(=C4/C=c5ccccc5=N4)N2C)CC3)o1,HLOHOIBPGQBARU,1,1
MGAGGIYVXPYGLM-UHFFFAOYSA-N,Fc1ccc(C2(c3ccc(F)cc3)CN=C(c3cnccn3)N2)cc1,"Konda et al., 2019",5.469999944,1,Fc1ccc(C2(c3ccc(F)cc3)CN=C(c3cnccn3)N2)cc1,MGAGGIYVXPYGLM,1,1
QTDBAHFMTAMGMZ-ZHZULCJRSA-N,Cc1cc(/C=C2\SC(Nc3ccccc3)=NC2=O)c(C)n1-c1ccccc1,"Konda et al., 2019",4.480000002,0,Cc1cc(/C=C2\SC(Nc3ccccc3)=NC2=O)c(C)n1-c1ccccc1,QTDBAHFMTAMGMZ,1,1
KLGQSVMIPOVQAX-UHFFFAOYSA-N,O=c1nc(-c2ccc(C(F)(F)F)cc2)[nH]c2c1CSCC2,"Konda et al., 2019",4.520000003,0,O=c1nc(-c2ccc(C(F)(F)F)cc2)[nH]c2c1CSCC2,KLGQSVMIPOVQAX,1,1
GZINXHRSQAMEQY-ZZEZOPTASA-N,FC(F)(F)c1ccccc1-c1cc(C(F)(F)F)c2c(c1)=N/C(=C1\CC3(CCCCC3)ON1)N=2,"Konda et al., 2019",4.799999998,0,FC(F)(F)c1ccccc1-c1cc(C(F)(F)F)c2c(c1)=N/C(=C1\CC3(CCCCC3)ON1)N=2,GZINXHRSQAMEQY,1,1
LKQIFMKIEJDTEJ-BWORXHKJSA-N,Cc1ccccc1N1N/C(=c2/c(-c3ccc(F)cc3)nn3c2=NC[C@@H](CO)C3)C=CC1=O,"Konda et al., 2019",4.0,0,Cc1ccccc1N1N/C(=c2/c(-c3ccc(F)cc3)nn3c2=NC[C@@H](CO)C3)C=CC1=O,LKQIFMKIEJDTEJ,1,1
ZVVCYRYDHNYAPV-GHRIWEEISA-N,C/C(NNC(=O)c1cccc(S(=O)(=O)N2CCOCC2)c1)=C1/C=C(Cl)C=CC1=O,"Konda et al., 2019",5.0,1,C/C(NNC(=O)c1cccc(S(=O)(=O)N2CCOCC2)c1)=C1/C=C(Cl)C=CC1=O,ZVVCYRYDHNYAPV,1,1
AZIINZOWMGPPBZ-OAEYXCGJSA-N,O=C1C=C/C(=c2/ccc3n[nH]/c(=C4/C=NC=C(O[C@H]5CNCCC56CC6)N4)c3c2)C(F)=C1,"Konda et al., 2019",6.100000128,1,O=C1C=C/C(=c2/ccc3n[nH]/c(=C4/C=NC=C(O[C@H]5CNCCC56CC6)N4)c3c2)C(F)=C1,AZIINZOWMGPPBZ,1,1
PGSGWIDQXZCHJL-FYSMJZIKSA-N,CC(C)[C@]1(C)CC(=O)N(Cc2cc(F)cc(C(=O)N[C@@H](C)c3ccccc3)c2)C(N)=N1,"Konda et al., 2019",5.050000019,1,CC(C)[C@]1(C)CC(=O)N(Cc2cc(F)cc(C(=O)N[C@@H](C)c3ccccc3)c2)C(N)=N1,PGSGWIDQXZCHJL,1,1
IPGZNUXPNMCQIA-ODLFYWEKSA-N,O=C1C=C/C(=C2\Nc3cc(Cl)c(Cl)cc3N2Cc2ccc(Cl)c(Cl)c2)C=N1,"Konda et al., 2019",5.300000029,1,O=C1C=C/C(=C2\Nc3cc(Cl)c(Cl)cc3N2Cc2ccc(Cl)c(Cl)c2)C=N1,IPGZNUXPNMCQIA,1,1
