SMILES,Class,canonical_smiles,connectivity_key
Fc1ccc(-c2cnn(CCc3cn[nH]c3)c2)cc1C(F)F,1,Fc1ccc(-c2cnn(CCc3cn[nH]c3)c2)cc1C(F)F,JPDCMOOBLLIEFK
CNCC(Cc1cccs1)c1ccc2ccccc2c1,1,CNCC(Cc1cccs1)c1ccc2ccccc2c1,APFLBUWSTCFNIE
CNCC(Cc1ccccc1OC)c1ccc2ccccc2c1,1,CNCC(Cc1ccccc1OC)c1ccc2ccccc2c1,MRAZBVXMLFFLEZ
CC(C)n1c(N2CC[C@@H](N)C2)nc2c(C#N)c(Br)c(Br)cc21,1,CC(C)n1c(N2CC[C@@H](N)C2)nc2c(C#N)c(Br)c(Br)cc21,XYXXTYQXZFVRCG
NCC(Cc1ccccc1F)c1ccc2ccccc2c1,1,NCC(Cc1ccccc1F)c1ccc2ccccc2c1,VIVXWRRXKKDPKC
O=S1(=O)CCNCC12CCN(c1cc(F)c(F)cc1Oc1cccc(F)c1)CC2,1,O=S1(=O)CCNCC12CCN(c1cc(F)c(F)cc1Oc1cccc(F)c1)CC2,UWTVKQZJBXVLFQ
Cc1cc(Cn2cc(-c3ccc(F)c(C(F)F)c3)cn2)[nH]n1,1,Cc1cc(Cn2cc(-c3ccc(F)c(C(F)F)c3)cn2)[nH]n1,MACPRACNPYALGP
Fc1cccc(Oc2cc(F)cc(N3CCC4(CCNC4)CC3)c2)c1,1,Fc1cccc(Oc2cc(F)cc(N3CCC4(CCNC4)CC3)c2)c1,MHZZVGCHJXSMAS
Fc1cccc(Oc2cc(F)c(F)cc2N2CCC3(CCNCC34OCCO4)C2)c1,1,Fc1cccc(Oc2cc(F)c(F)cc2N2CCC3(CCNCC34OCCO4)C2)c1,PQAOCWPDIGYQJX
Clc1ccc(-c2cnn(Cc3cc[nH]n3)c2)cc1,1,Clc1ccc(-c2cnn(Cc3cc[nH]n3)c2)cc1,ONBFZEJYXQDCRE
Cc1n[nH]c(C)c1CCn1cc(-c2ccc(Cl)cc2)cn1,1,Cc1n[nH]c(C)c1CCn1cc(-c2ccc(Cl)cc2)cn1,FKNGDDYLLFMSCD
Cn1ccc(Cn2cc(-c3cccc(OC(F)(F)F)c3)cn2)n1,1,Cn1ccc(Cn2cc(-c3cccc(OC(F)(F)F)c3)cn2)n1,CPBUZCHPDATVEU
CNC[C@H](c1ccc(Cl)c(Cl)c1)[C@@H](O)c1ccccc1[N+](=O)[O-],0,CNC[C@H](c1ccc(Cl)c(Cl)c1)[C@@H](O)c1ccccc1[N+](=O)[O-],MHQWTMHITCVCBY
CO/N=C1\CN(c2nc3c(cc2F)c(=O)c(C(=O)O)cn3C2CC2)CC1CN,0,CO/N=C1\CN(c2nc3c(cc2F)c(=O)c(C(=O)O)cn3C2CC2)CC1CN,ZRCVYEYHRGVLOC
CCCCCCCN(CC)CCCC(O)c1ccc(Cl)cc1,1,CCCCCCCN(CC)CCCC(O)c1ccc(Cl)cc1,NMSIFXMRSOFUEO
CCCCCCCN(CC)CCCCc1ccc(NC=O)cc1,1,CCCCCCCN(CC)CCCCc1ccc(NC=O)cc1,ZDMQHMYHAWGOFZ
O=S(=O)(CCN1CCC(Cc2ccccc2)CC1)c1ccc(O)cc1,1,O=S(=O)(CCN1CCC(Cc2ccccc2)CC1)c1ccc(O)cc1,NQDWSKCPAPDCEI
CC(C)NCC(O)c1ccc(O)c(O)c1,0,CC(C)NCC(O)c1ccc(O)c(O)c1,JWZZKOKVBUJMES
OC(CCCN1CCC(O)(c2ccc(Cl)cc2)CC1)c1ccc(F)cc1,1,OC(CCCN1CCC(O)(c2ccc(Cl)cc2)CC1)c1ccc(F)cc1,WNZBBTJFOIOEMP
O=C1CC2CN(c3ccc(N4C[C@H](Cn5ccnn5)OC4=O)cc3F)CC2C1,0,O=C1CC2CN(c3ccc(N4C[C@H](Cn5ccnn5)OC4=O)cc3F)CC2C1,PDYJJRWURVZIHK
C[C@H]1COc2c(N3CCN(C)CC3)c(F)c(N)c3c(=O)c(C(=O)O)cn1c23,0,C[C@H]1COc2c(N3CCN(C)CC3)c(F)c(N)c3c(=O)c(C(=O)O)cn1c23,MHFCVNDHFSOKMK
CC(=O)Oc1ccc2c3c1O[C@H]1[C@@H](OC(C)=O)C=C[C@H]4[C@@H](C2)N(C)CC[C@]314,0,CC(=O)Oc1ccc2c3c1O[C@H]1[C@@H](OC(C)=O)C=C[C@H]4[C@@H](C2)N(C)CC[C@@]341,GVGLGOZIDCSQPN
C[C@H]1CC(=O)NN=C1c1ccc(OC2CCN(C3CCC3)CC2)cc1,0,C[C@H]1CC(=O)NN=C1c1ccc(OC2CCN(C3CCC3)CC2)cc1,CSSVMZXGVYOUCF
CCS(=O)(=O)c1ccc2c(c1)nc(C(C)(C)C)n2COC(F)(F)F,1,CCS(=O)(=O)c1ccc2c(c1)nc(C(C)(C)C)n2COC(F)(F)F,VQGQUWIXGJVIKT
C[C@]12CC[C@@H]3c4ccc(O)cc4CC[C@H]3[C@@H]1CC[C@@H]2O,0,C[C@]12CC[C@@H]3c4ccc(O)cc4CC[C@H]3[C@@H]1CC[C@@H]2O,VOXZDWNPVJITMN
CCC(O)C(CC(C)N(C)C)(c1ccccc1)c1ccccc1,0,CCC(O)C(CC(C)N(C)C)(c1ccccc1)c1ccccc1,QIRAYNIFEOXSPW
CC(C)(C)OC(=O)NCCN1CC2CN(C[C@H](O)COc3ccc(C#N)cc3)CC(C1)O2,1,CC(C)(C)OC(=O)NCCN1CC2CN(C[C@H](O)COc3ccc(C#N)cc3)CC(C1)O2,JRHUUZPSMQIWBQ
CC(=O)N(CCOc1ccc(NS(C)(=O)=O)cc1)CCc1ccc(NS(C)(=O)=O)cc1,1,CC(=O)N(CCOc1ccc(NS(C)(=O)=O)cc1)CCc1ccc(NS(C)(=O)=O)cc1,FSIOPUXWPKHEJC
CCc1cc(CN2C[C@H](N)[C@H](C(=O)N3CCC[C@H]3C#N)C2)cc(CC)c1C#N,0,CCc1cc(CN2C[C@H](N)[C@H](C(=O)N3CCC[C@H]3C#N)C2)cc(CC)c1C#N,NSLNCWBNXXAFCL
O=S(=O)(c1ccc2c(c1)CCNCC2)N1CCC(Cc2ccccc2Cl)C1,1,O=S(=O)(c1ccc2c(c1)CCNCC2)N1CCC(Cc2ccccc2Cl)C1,CRKULVZQVREUJN
O=C(c1ccc(Cl)cc1)C1CCN(CCc2cccc3ccccc23)CC1,1,O=C(c1ccc(Cl)cc1)C1CCN(CCc2cccc3ccccc23)CC1,NJLDOSAEUCCBKH
c1ccc(CCCN2CCC(CNc3ncccn3)CC2)cc1,1,c1ccc(CCCN2CCC(CNc3ncccn3)CC2)cc1,KBDDVRGQXURSDF
O=C(NCc1ccccc1)N1CCC(CNc2ncccn2)CC1,1,O=C(NCc1ccccc1)N1CCC(CNc2ncccn2)CC1,VTMJLFSAQVGRBC
Oc1cccc2nc(Cc3ccc(Oc4ccccc4)cc3)[nH]c12,1,Oc1cccc2nc(Cc3ccc(Oc4ccccc4)cc3)[nH]c12,MRBKMMZUVLPGTA
CN(c1ccc2nc(Cc3ccc(Oc4ccccc4)cc3)[nH]c2c1)S(C)(=O)=O,1,CN(c1ccc2nc(Cc3ccc(Oc4ccccc4)cc3)[nH]c2c1)S(C)(=O)=O,MSRIHXQVLZLNCJ
CNC(=O)N1CCN(Cc2ccnc(Nc3ncc(C#N)s3)c2C)CC1,1,CNC(=O)N1CCN(Cc2ccnc(Nc3ncc(C#N)s3)c2C)CC1,WVBVFBWFVVPNPZ
O=C1NCc2c(-c3ccccc3Cl)nc(N3CCc4[nH]ncc4C3)nc2N1c1c(Cl)cccc1Cl,1,O=C1NCc2c(-c3ccccc3Cl)nc(N3CCc4[nH]ncc4C3)nc2N1c1c(Cl)cccc1Cl,NRJVTEDJTWVQDN
O=C1NCc2c(-c3ccccc3Cl)nc(=O)[nH]c2N1c1c(Cl)cccc1Cl,1,O=C1NCc2c(-c3ccccc3Cl)nc(=O)[nH]c2N1c1c(Cl)cccc1Cl,YTQLAJDGTJISOD
O=C1NCc2c(-c3ccccc3Cl)nc(NC3CN4CCC3CC4)nc2N1c1c(Cl)cccc1Cl,1,O=C1NCc2c(-c3ccccc3Cl)nc(NC3CN4CCC3CC4)nc2N1c1c(Cl)cccc1Cl,GVXWRVFQOVOOLI
Cc1[nH]nc2c1c(=O)n(CCCN)c1cc3c(cc21)CCCC3,1,Cc1[nH]nc2c1c(=O)n(CCCN)c1cc3c(cc21)CCCC3,PRWDHDKGFWVGCB
CC(=O)Nc1ccc(C(=O)Nc2cc(-c3cccs3)ccc2N)cc1,0,CC(=O)Nc1ccc(C(=O)Nc2cc(-c3cccs3)ccc2N)cc1,ABZSPJVXTTUFAA
CC(C)[C@@]1(C)OC(c2cccc(F)c2F)N(CC(=O)Nc2ccc3c(c2)C[C@@]2(C3)C(=O)NC(=O)N2C)C1=O,0,CC(C)[C@@]1(C)OC(c2cccc(F)c2F)N(CC(=O)Nc2ccc3c(c2)C[C@@]2(C3)C(=O)NC(=O)N2C)C1=O,QAFMFWWLVBBJBU
O=C1CN(C(=O)c2ccc(C3(c4ccc(OCc5ccccn5)cc4)CCCO3)cn2)CN1,0,O=C1CN(C(=O)c2ccc(C3(c4ccc(OCc5ccccn5)cc4)CCCO3)cn2)CN1,PIVWQJWSBSARTK
Fc1ccc2c(C3NCCCC3F)c(-c3ccccc3)[nH]c2c1,1,Fc1ccc2c(C3NCCCC3F)c(-c3ccccc3)[nH]c2c1,FBMKUZGGLYYTIT
CN(C)c1ccc(-c2ccc(OCCCN3CCCCC3)cc2)cc1,1,CN(C)c1ccc(-c2ccc(OCCCN3CCCCC3)cc2)cc1,SLRCRYMYKKJTJP
CN(C)C(=O)[C@H](c1ccc(-c2cccc(-c3nnn[nH]3)c2)cc1)[C@H](N)C(=O)N1CC[C@@H](F)C1,0,CN(C)C(=O)[C@H](c1ccc(-c2cccc(-c3nnn[nH]3)c2)cc1)[C@H](N)C(=O)N1CC[C@@H](F)C1,SDUGQQAAQSICAW
O=C(NCc1cc(C(F)(F)F)cc(C(F)(F)F)c1)C1(c2ccccc2)CCC(N2CCC(c3ccc(F)cc3)CC2)CC1,1,O=C(NCc1cc(C(F)(F)F)cc(C(F)(F)F)c1)C1(c2ccccc2)CCC(N2CCC(c3ccc(F)cc3)CC2)CC1,GENLRMUFBFSRLA
COc1ccc(CC[N+](C)CCCC(C#N)(c2cc(OC)c(OC)c(OC)c2)C(C)C)cc1OC,1,COc1ccc(CC[N+](C)CCCC(C#N)(c2cc(OC)c(OC)c(OC)c2)C(C)C)cc1OC,SNOQUAQBRRZPHO
[NH2+]=C1[N]CC2c3ccccc3Cc3ccccc3N12,0,[NH2+]=C1[N]CC2c3ccccc3Cc3ccccc3N12,CDARLPUCXXLHNH
CCC(OC(C)=O)C(CC(C)[N+](C)C)(c1ccccc1)c1ccccc1,1,CCC(OC(C)=O)C(CC(C)[N+](C)C)(c1ccccc1)c1ccccc1,KLGZEZPTKHAQBU
COC12CCC3(CC1C(C)(O)C(C)(C)C)C1Cc4ccc(O)c5c4C3(CC[N+]1CC1CC1)C2O5,1,COC12CCC3(CC1C(C)(O)C(C)(C)C)C1Cc4ccc(O)c5c4C3(CC[N+]1CC1CC1)C2O5,DVNVOUZIXKMMQT
Fc1ccc(C(OCC[N+]2CC[N+](CCCc3ccccc3)CC2)c2ccc(F)cc2)cc1,1,Fc1ccc(C(OCC[N+]2CC[N+](CCCc3ccccc3)CC2)c2ccc(F)cc2)cc1,RRNCWJLZTRYGBP
CC(C)(O)c1ccc(C(O)CCC[N+]2CCC(C(O)(c3ccccc3)c3ccccc3)CC2)cc1,0,CC(C)(O)c1ccc(C(O)CCC[N+]2CCC(C(O)(c3ccccc3)c3ccccc3)CC2)cc1,QZZLQXZHKPPSLA
C[N+]1CCCC(c2c(-c3ccccc3)[nH]c3ccccc23)C1,1,C[N+]1CCCC(c2c(-c3ccccc3)[nH]c3ccccc23)C1,JVQVZNATXHVKNL
CC(O)(c1ccccc1)C1C=CC(C(c2cc[n+](O)cc2)c2ccc(OC(F)F)c(OC(F)F)c2)=CN1,1,CC(O)(c1ccccc1)C1C=CC(C(c2cc[n+](O)cc2)c2ccc(OC(F)F)c(OC(F)F)c2)=CN1,MNZDOBBBEUPYAL
O=C(CCCN1CCC(O)(c2ccccc2)CC1)c1ccccc1,1,O=C(CCCN1CCC(O)(c2ccccc2)CC1)c1ccccc1,IOCMJUXJUBZFSJ
CC(c1ccc(C#N)cc1)N1CC(C(=O)C2CCC[C@H]2C#N)[C@@H](N)C1,1,CC(c1ccc(C#N)cc1)N1CC(C(=O)C2CCC[C@H]2C#N)[C@@H](N)C1,JCGAMUKFIGRQFG
Nc1ccc(C(=O)N2C[C@@H]3C[C@H](C2)C[NH+](Cc2ccccc2)C3)cc1,1,Nc1ccc(C(=O)N2C[C@H]3C[C@@H](C2)C[NH+](Cc2ccccc2)C3)cc1,DLNAKYFPFYUBDR
C[NH+](C)CCC=C1c2ccccc2CCc2ccccc21,1,C[NH+](C)CCC=C1c2ccccc2CCc2ccccc21,KRMDCWKBEZIMAB
C[NH+]1[C@H]2CC[C@@H]1C[C@H](OC(=O)C(CO)c1ccccc1)C2,1,C[NH+]1[C@@H]2CC[C@H]1C[C@@H](OC(=O)C(CO)c1ccccc1)C2,RKUNBYITZUJHSG
C[NH+]1CC[NH+](CCCCN2C(=O)CN(N=Cc3ccc(-c4ccc(Cl)cc4)o3)C2=O)CC1,1,C[NH+]1CC[NH+](CCCCN2C(=O)CN(N=Cc3ccc(-c4ccc(Cl)cc4)o3)C2=O)CC1,MREBEPTUUMTTIA
CC(C)COC[C@@H](CN(Cc1ccccc1)c1ccccc1)[NH+]1CCCC1,1,CC(C)COC[C@@H](CN(Cc1ccccc1)c1ccccc1)[NH+]1CCCC1,UIEATEWHFDRYRU
C[NH+](C)CCCN1c2ccccc2Sc2ccc(Cl)cc21,1,C[NH+](C)CCCN1c2ccccc2Sc2ccc(Cl)cc21,ZPEIMTDSQAKGNT
CCC(=O)N(c1ccccc1)C1CC[NH+](CCc2ccccc2)CC1,1,CCC(=O)N(c1ccccc1)C1CC[NH+](CCc2ccccc2)CC1,PJMPHNIQZUBGLI
Fc1ccc(C(OCC[NH+]2CC[NH+](CCCc3ccccc3)CC2)c2ccc(F)cc2)cc1,1,Fc1ccc(C(OCC[NH+]2CC[NH+](CCCc3ccccc3)CC2)c2ccc(F)cc2)cc1,NAUWTFJOPJWYOT
O=C(CCC[NH+]1CCC(O)(c2ccc(Cl)cc2)CC1)c1ccc(F)cc1,1,O=C(CCC[NH+]1CCC(O)(c2ccc(Cl)cc2)CC1)c1ccc(F)cc1,LNEPOXFFQSENCJ
O[C@@H](c1cc(C(F)(F)F)nc2c(C(F)(F)F)cccc12)[C@H]1CCCC[NH2+]1,1,O[C@@H](c1cc(C(F)(F)F)nc2c(C(F)(F)F)cccc12)[C@H]1CCCC[NH2+]1,XEEQGYMUWCZPDN
Cc1c(O)cccc1C(=O)N[C@@H](CSc1ccccc1)[C@H](O)C[NH+]1C[C@H]2CCCC[C@H]2C[C@H]1C(=O)NC(C)(C)C,0,Cc1c(O)cccc1C(=O)N[C@@H](CSc1ccccc1)[C@H](O)C[NH+]1C[C@H]2CCCC[C@H]2C[C@H]1C(=O)NC(C)(C)C,QAGYKUNXZHXKMR
C=C[C@H]1C[NH+]2CC[C@H]1C[C@@H]2[C@@H](O)c1ccnc2ccc(OC)cc12,1,C=C[C@H]1C[NH+]2CC[C@H]1C[C@@H]2[C@@H](O)c1ccnc2ccc(OC)cc12,LOUPRKONTZGTKE
O=C1NCCN1CC[NH+]1CC=C(c2cn(-c3ccc(F)cc3)c3ccc(Cl)cc23)CC1,1,O=C1NCCN1CC[NH+]1CC=C(c2cn(-c3ccc(F)cc3)c3ccc(Cl)cc23)CC1,PFOLMILRZUSKJO
C[NH+]1CCCC(c2c(-c3ccccc3)[nH]c3ccccc23)C1,1,C[NH+]1CCCC(c2c(-c3ccccc3)[nH]c3ccccc23)C1,JRFXDRYERZNJFJ
O=C1C=C/C(=C2/N=C(C3CCN(Cc4ccc(-c5nc6cc[nH]c(=O)c6cc5-c5ccccc5)cc4)CC3)NN2)C=N1,1,O=C1C=C/C(=C2/N=C(C3CCN(Cc4ccc(-c5nc6cc[nH]c(=O)c6cc5-c5ccccc5)cc4)CC3)NN2)C=N1,DVKXLUNQHFSLPF
CN(C)C(=O)[C@@H](c1ccc(C2=CN3NC=NC3C=C2)cc1)[C@H](N)C(=O)N1CC[C@H](F)C1,0,CN(C)C(=O)[C@@H](c1ccc(C2=CN3NC=NC3C=C2)cc1)[C@H](N)C(=O)N1CC[C@H](F)C1,IMGVBNUGILZVLF
COc1cccc(-c2nnc(SSc3nnc(-c4cccc(OC)c4)n3C(C)C3CC4CCC3C4)n2C(C)C2CC3CCC2C3)c1,1,COc1cccc(-c2nnc(SSc3nnc(-c4cccc(OC)c4)n3C(C)C3CC4CCC3C4)n2C(C)C2CC3CCC2C3)c1,SSQZTXRWHHEVAP
COCC1=C(C(=O)N2CCC[C@H]2c2cc(C)no2)[C@@H](c2cc3ccccc3n2C)N2NC(C(F)(F)F)=CC2=N1,1,COCC1=C(C(=O)N2CCC[C@H]2c2cc(C)no2)[C@@H](c2cc3ccccc3n2C)N2NC(C(F)(F)F)=CC2=N1,YROQNLPSSUEPTR
COc1ccc2ncc(=O)c(CCC34CCC(NCc5ccc6c(n5)NC(=O)CO6)(CC3)CO4)c-2[nH]1,1,COc1ccc2ncc(=O)c(CCC34CCC(NCc5ccc6c(n5)NC(=O)CO6)(CC3)CO4)c-2[nH]1,CJMXSOYMIMJWMM
CNC[C@H](c1ccc2ccccc2c1)[C@H](O)c1ccc(Cl)s1,1,CNC[C@H](c1ccc2ccccc2c1)[C@H](O)c1ccc(Cl)s1,MRMFTZLAVBPMMZ
CS(=O)(=O)c1cccc(-c2cnn(Cc3cc[nH]n3)c2)c1,1,CS(=O)(=O)c1cccc(-c2cnn(Cc3cc[nH]n3)c2)c1,RAFYHYBKKVGIIK
CN(C)C[C@H](c1ccc2ccccc2c1)[C@H](O)c1cccs1,1,CN(C)C[C@H](c1ccc2ccccc2c1)[C@H](O)c1cccs1,JJMQUHWUNDSOBS
O=S1(=O)CCNCC12CCN(c1nc(Oc3cccc(F)c3)cc(C(F)(F)F)n1)CC2,1,O=S1(=O)CCNCC12CCN(c1nc(Oc3cccc(F)c3)cc(C(F)(F)F)n1)CC2,IVASDCSVTRNREB
CN(C)C[C@H](c1ccc2ccccc2c1)[C@H](O)c1ccccc1,1,CN(C)C[C@H](c1ccc2ccccc2c1)[C@H](O)c1ccccc1,NJZNJPXRRCEVDH
CNC[C@H](c1ccc2ccccc2c1)[C@H](O)c1ccc(Cl)nc1,1,CNC[C@H](c1ccc2ccccc2c1)[C@H](O)c1ccc(Cl)nc1,XTWPREAANUBKMC
Cn1cc(Cn2cc(-c3ccc(Cl)cc3)cn2)cn1,1,Cn1cc(Cn2cc(-c3ccc(Cl)cc3)cn2)cn1,HXXKCCOYYFKOHT
Cn1cc(Cn2cc(-c3cccc(S(C)(=O)=O)c3)cn2)cn1,1,Cn1cc(Cn2cc(-c3cccc(S(C)(=O)=O)c3)cn2)cn1,WMUAUDVHENODTB
CC(F)(F)c1cccc(-c2cnn(Cc3cc[nH]n3)c2)c1,1,CC(F)(F)c1cccc(-c2cnn(Cc3cc[nH]n3)c2)c1,YUBYOLBZTMVIAV
CCn1cncc1Cn1cc(-c2ccc(Cl)c(C(F)F)c2)cn1,1,CCn1cncc1Cn1cc(-c2ccc(Cl)c(C(F)F)c2)cn1,PWOOSCZWCWFZKZ
CCn1cncc1Cn1cc(-c2ccc(F)c(C)c2)cn1,1,CCn1cncc1Cn1cc(-c2ccc(F)c(C)c2)cn1,NTXJOFGNCFFNLA
Cn1cc(Cn2cc(-c3ccc(F)c(C(C)(F)F)c3)cn2)cn1,1,Cn1cc(Cn2cc(-c3ccc(F)c(C(C)(F)F)c3)cn2)cn1,DDNUGAKPXYMUKR
N#Cc1ccc(Oc2ccccc2)c(N2CCC3(CC2)CNCCO3)c1,1,N#Cc1ccc(Oc2ccccc2)c(N2CCC3(CC2)CNCCO3)c1,SUAONMDAKPJEMZ
NCC1(O)CCN(c2cc(F)c(F)c(Oc3cccc(F)c3)c2)CC1,1,NCC1(O)CCN(c2cc(F)c(F)c(Oc3cccc(F)c3)c2)CC1,RZKJUZNVAKAQIB
N#Cc1cc(Oc2ccccc2)cc(N2CCC3(CC2)CNCCO3)c1,1,N#Cc1cc(Oc2ccccc2)cc(N2CCC3(CC2)CNCCO3)c1,NNDGBQCSFXUKBN
c1cc(-c2cnn(Cc3cc[nH]n3)c2)cc(C2CC2)c1,1,c1cc(-c2cnn(Cc3cc[nH]n3)c2)cc(C2CC2)c1,WTIFREIJFMTPOT
NCC1(O)CCN(c2cc(Oc3cccc(F)c3)cc(F)c2F)CC1,1,NCC1(O)CCN(c2cc(Oc3cccc(F)c3)cc(F)c2F)CC1,XFWSYJVLQVKQDN
CCn1cncc1Cn1cc(-c2ccc(Cl)cc2)cn1,1,CCn1cncc1Cn1cc(-c2ccc(Cl)cc2)cn1,LBYWWSCGWDYKNX
Fc1cccc(Oc2cc(C(F)(F)F)nc(N3CCC4(CC3)CNCC(F)(F)O4)n2)c1,1,Fc1cccc(Oc2cc(C(F)(F)F)nc(N3CCC4(CC3)CNCC(F)(F)O4)n2)c1,RYIWMFCNGOZYFZ
CNC[C@H](c1ccc2ccccc2c1)[C@H](N)c1ccccc1,0,CNC[C@H](c1ccc2ccccc2c1)[C@H](N)c1ccccc1,FGDBXOANGGQWML
CN(C)C[C@H](c1ccc2ccccc2c1)[C@H](N)c1ccccc1,0,CN(C)C[C@H](c1ccc2ccccc2c1)[C@H](N)c1ccccc1,UOYWGKDKOJANLM
CNC[C@H](c1ccc2ccccc2c1)[C@H](O)c1cncc(OC)c1,0,CNC[C@H](c1ccc2ccccc2c1)[C@H](O)c1cncc(OC)c1,ZYQBVZPSYAIUDW
CCOC(=O)C1CCC(N2CC(NC(=O)CN=C3NC(Cc4ccccc4)c4ccc(C(F)(F)F)cc43)C2)CC1,1,CCOC(=O)C1CCC(N2CC(NC(=O)CN=C3NC(Cc4ccccc4)c4ccc(C(F)(F)F)cc43)C2)CC1,MYRGKAVLHHTTPL
FC(F)c1cc(-c2cnn(Cc3ccn[nH]3)c2)ccc1Cl,1,FC(F)c1cc(-c2cnn(Cc3ccn[nH]3)c2)ccc1Cl,GPZNPXAPAFLRLB
Cn1cc(-c2nc3ncc(Br)c(N4CCN(Cc5cccnc5)CC4)c3[nH]2)cn1,1,Cn1cc(-c2nc3ncc(Br)c(N4CCN(Cc5cccnc5)CC4)c3[nH]2)cn1,KLCAJPNNJWCSJD
C[C@@H]1N=C(c2cccc(C#N)n2)N[C@@]1(c1ccc(F)cc1)c1ccc(F)nc1,1,C[C@@H]1N=C(c2cccc(C#N)n2)N[C@@]1(c1ccc(F)cc1)c1ccc(F)nc1,NLCPRZAGRMCLTB
C[C@@H]1N=C(c2cnsn2)N[C@@]1(c1ccc(F)cc1)c1ccc(F)nc1,1,C[C@@H]1N=C(c2cnsn2)N[C@@]1(c1ccc(F)cc1)c1ccc(F)nc1,AGUSBSWEUMEPIM
Cc1nn(C)c(C)c1-c1nc2ncc(Br)c(N3CCN(Cc4cccnc4)CC3)c2[nH]1,0,Cc1nn(C)c(C)c1-c1nc2ncc(Br)c(N3CCN(Cc4cccnc4)CC3)c2[nH]1,BMSHQZWQPJMOJN
C[C@H]1C[C@H]2CSC(N)=N[C@@]2(c2ccc(F)cc2F)CO1,0,C[C@H]1C[C@H]2CSC(N)=N[C@@]2(c2ccc(F)cc2F)CO1,OLZWOORXDWFBII
C(#Cc1ccc2ccccc2n1)c1ccccn1,0,C(#Cc1ccc2ccccc2n1)c1ccccn1,IRXAEZFKUGBIIX
Brc1cccc2nc(C#Cc3ccccn3)ccc12,0,Brc1cccc2nc(C#Cc3ccccn3)ccc12,QUNXIQXRXOIXOR
C[C@H]1C[C@H]2CSC(N)=N[C@@]2(c2ccccc2C(F)(F)F)CO1,0,C[C@H]1C[C@H]2CSC(N)=N[C@@]2(c2ccccc2C(F)(F)F)CO1,UASXOTVJCSRYMT
Fc1ccc(-c2cnn(Cc3ccn[nH]3)c2)cc1OC(F)F,0,Fc1ccc(-c2cnn(Cc3ccn[nH]3)c2)cc1OC(F)F,LHMLJRCNGQZNHL
C[C@@H](c1cncs1)c1c(CCN(C)C)sc2ccccc12,1,C[C@@H](c1cncs1)c1c(CCN(C)C)sc2ccccc12,KEDAYBZXXNOGOP
CC1Sc2c(C(=O)O)c(=O)c3cc(F)c(N4CCNCC4)cc3n21,0,CC1Sc2c(C(=O)O)c(=O)c3cc(F)c(N4CCNCC4)cc3n21,SUXQDLLXIBLQHW
Cc1oc(=O)oc1CN1CCN(c2cc3c(cc2F)c(=O)c(C(=O)O)c2n3C(C)S2)CC1,0,Cc1oc(=O)oc1CN1CCN(c2cc3c(cc2F)c(=O)c(C(=O)O)c2n3C(C)S2)CC1,PWNMXPDKBYZCOO
CCn1cc(C(=O)O)c(=O)c2cc(F)c(N3CCNCC3)cc21,0,CCn1cc(C(=O)O)c(=O)c2cc(F)c(N3CCNCC3)cc21,OGJPXUAPXNRGGI
CNS(=O)(=O)Cc1ccc2[nH]cc(CCN(C)C)c2c1,0,CNS(=O)(=O)Cc1ccc2[nH]cc(CCN(C)C)c2c1,KQKPFRSPSRPDEB
COc1ccc([C@@H]2CC(=O)c3c(O)cc(O)cc3O2)cc1O,0,COc1ccc([C@@H]2CC(=O)c3c(O)cc(O)cc3O2)cc1O,AIONOLUJZLIMTK
O=C1CC(c2ccc(O)cc2)Oc2cc(O)cc(O)c21,0,O=C1CC(c2ccc(O)cc2)Oc2cc(O)cc(O)c21,FTVWIRXFELQLPI
COc1ccc(-c2cc(=O)c3c(OC)cc(OC)cc3o2)cc1,0,COc1ccc(-c2cc(=O)c3c(OC)cc(OC)cc3o2)cc1,ZXJJBDHPUHUUHD
CS(=N)(=O)c1ccc(C2=C(c3ccccc3)C(=O)OC2)cc1,0,CS(=N)(=O)c1ccc(C2=C(c3ccccc3)C(=O)OC2)cc1,KWEKFTIAFYJSFX
NS(=O)(=O)c1cccc(CN(c2cccc3[nH]ccc23)C2CCNCC2)c1,1,NS(=O)(=O)c1cccc(CN(c2cccc3[nH]ccc23)C2CCNCC2)c1,NBOMLQZMNMIYJK
N#Cc1cccc(CN(c2cccc3[nH]ccc23)C2CCNCC2)c1,1,N#Cc1cccc(CN(c2cccc3[nH]ccc23)C2CCNCC2)c1,DDKSIYXBCQRCLZ
COc1cccc(CN(c2cccc3[nH]ccc23)C2CCNCC2)c1,1,COc1cccc(CN(c2cccc3[nH]ccc23)C2CCNCC2)c1,IWAYMZQFOINIBE
COc1cccc(-c2cccc(C3(C)N=C(N)CN3C=O)c2)c1,0,COc1cccc(-c2cccc(C3(C)N=C(N)CN3C=O)c2)c1,BTAPSWASIYDXGD
CCN(CC)CCOC(=O)c1ccc(N)cc1,0,CCN(CC)CCOC(=O)c1ccc(N)cc1,MFDFERRIHVXMIY
O=C(CCCN1CCC(n2c(=O)[nH]c3ccccc32)CC1)c1ccc(F)cc1,1,O=C(CCCN1CCC(n2c(=O)[nH]c3ccccc32)CC1)c1ccc(F)cc1,FEBOTPHFXYHVPL
N#C[C@H]1CN(C(=O)C[C@H](N)Cc2cc(F)c(F)cc2F)C[C@H]1F,0,N#C[C@H]1CN(C(=O)C[C@H](N)Cc2cc(F)c(F)cc2F)C[C@H]1F,FHHBELSNHIJFTN
N[C@@H](CC(=O)N1CCC2CCCC21)Cc1cc(F)c(F)cc1F,0,N[C@@H](CC(=O)N1CCC2CCCC21)Cc1cc(F)c(F)cc1F,WEKSHOSOOGSDKA
Clc1cc(Cl)cc(CN(C2CC2)C2CNC2)c1,1,Clc1cc(Cl)cc(CN(C2CC2)C2CNC2)c1,SPPVKBVIJXBYRI
CCCCC/C=C\C/C=C\CCCCCCCC(N)=O,1,CCCCC/C=C\C/C=C\CCCCCCCC(N)=O,SFIHQZFZMWZOJV
CCN(CC)CCNC(=O)c1ccc(NS(C)(=O)=O)cc1,0,CCN(CC)CCNC(=O)c1ccc(NS(C)(=O)=O)cc1,KHYPYQZQJSBPIX
N#Cc1cnc(Nc2ccncn2)s1,1,N#Cc1cnc(Nc2ccncn2)s1,SMNGUXOKYVUIRA
N#Cc1cnc(Nc2ccnc(N)n2)s1,1,N#Cc1cnc(Nc2ccnc(N)n2)s1,UDEOWBLYNNRBDI
N#Cc1cnc(Nc2cc(N)ncn2)s1,1,N#Cc1cnc(Nc2cc(N)ncn2)s1,GPLUDMKPTRXKRC
N[C@H]1CN(C(=O)c2cc3ccccc3cn2)C[C@H]1C(=O)N1CCCC1,0,N[C@H]1CN(C(=O)c2cc3ccccc3cn2)C[C@H]1C(=O)N1CCCC1,GDAWAZUHXHQFEX
CN(C)C1CCC2(Cc3ccccc3Cc3ccccc32)C1,1,CN(C)C1CCC2(Cc3ccccc3Cc3ccccc32)C1,IYDOAHOHMRQFTJ
CN(CCC(=O)O)C1CCC2(Cc3ccccc3Cc3ccccc32)C1,0,CN(CCC(=O)O)C1CCC2(Cc3ccccc3Cc3ccccc32)C1,FBMKUFCHWOIZPI
O=C(OC1Cc2ccccc2C1)N1CCC(CNc2ncccn2)CC1,1,O=C(OC1Cc2ccccc2C1)N1CCC(CNc2ncccn2)CC1,BGFSOIDVHVYBNO
Cc1ccc(COC(=O)N2CCC(CN(C)c3ncccn3)CC2)cc1,1,Cc1ccc(COC(=O)N2CCC(CN(C)c3ncccn3)CC2)cc1,IQPLYVYZAILDSZ
O=[N+]([O-])c1ccc2nc(Cc3ccc(Oc4ccccc4)cc3)[nH]c2c1,1,O=[N+]([O-])c1ccc2nc(Cc3ccc(Oc4ccccc4)cc3)[nH]c2c1,VRLHOPLBQZRORF
N#Cc1ccc2nc(Cc3ccc(Oc4ccccc4)cc3)[nH]c2c1,1,N#Cc1ccc2nc(Cc3ccc(Oc4ccccc4)cc3)[nH]c2c1,FCSAXAFSJHHBEE
CS(=O)(=O)c1nc(-c2ccccc2Cl)c2c(n1)N(c1c(Cl)cccc1Cl)C(=O)NC2,1,CS(=O)(=O)c1nc(-c2ccccc2Cl)c2c(n1)N(c1c(Cl)cccc1Cl)C(=O)NC2,LDJYQPLHXNCUPI
CN(C)CCOc1nc(-c2ccccc2Cl)c2c(n1)N(c1c(Cl)cccc1Cl)C(=O)NC2,1,CN(C)CCOc1nc(-c2ccccc2Cl)c2c(n1)N(c1c(Cl)cccc1Cl)C(=O)NC2,XOFKBZXMDGGJMM
Cc1ccc(S(=O)(=O)N2CCSC2C(=O)NC2C3CC4CC2CC(C(N)=O)(C4)C3)cc1,0,Cc1ccc(S(=O)(=O)N2CCSC2C(=O)NC2C3CC4CC2CC(C(N)=O)(C4)C3)cc1,ZQLZVPJNENBVOL
NC(=O)C12CC3CC(C1)C(NC(=O)C1SCCN1S(=O)(=O)c1ccccc1F)C(C3)C2,0,NC(=O)C12CC3CC(C1)C(NC(=O)C1SCCN1S(=O)(=O)c1ccccc1F)C(C3)C2,WIDBTZLJSHUYHO
CC(C)(Cc1ccccc1)NC1=NCCNC(c2ccccc2F)=C1,1,CC(C)(Cc1ccccc1)NC1=NCCNC(c2ccccc2F)=C1,HFLSARBZSBXRJZ
Cc1ccc(C2=CC(NC(C)(C)Cc3ccccc3)=NCCN2)cc1,1,Cc1ccc(C2=CC(NC(C)(C)Cc3ccccc3)=NCCN2)cc1,JDVROHYUNYELGG
CN1c2nc(-c3ccc(Cl)cc3Cl)c(-c3ccc(Cl)cc3)cc2C(NC(=O)CO)CC1(C)C,1,CN1c2nc(-c3ccc(Cl)cc3Cl)c(-c3ccc(Cl)cc3)cc2C(NC(=O)CO)CC1(C)C,KTFUTQZNMWCULY
CC/C(=C(\c1ccc(O)cc1)c1ccc(OCCNC)cc1)c1ccccc1,1,CC/C(=C(\c1ccc(O)cc1)c1ccc(OCCNC)cc1)c1ccccc1,MHJBZVSGOZTKRH
O=C(CN1C(=O)C2(CCCCC2)OC1c1cc(F)cc(F)c1)Nc1ccc2c(c1)C[C@@]1(C2)C(=O)Nc2ncccc21,0,O=C(CN1C(=O)C2(CCCCC2)OC1c1cc(F)cc(F)c1)Nc1ccc2c(c1)C[C@@]1(C2)C(=O)Nc2ncccc21,FSYBENFNTMFBSX
CC[N+](CC)CCCC(C)Nc1ccnc2cc(Cl)ccc12,1,CC[N+](CC)CCCC(C)Nc1ccnc2cc(Cl)ccc12,SPZFQVGCRNKKKI
C[N+](C)CCC(c1ccc(Cl)cc1)c1ccccn1,0,C[N+](C)CCC(c1ccc(Cl)cc1)c1ccccn1,SLLJGKSNGCFBSH
CC[N+](CC)CCOc1ccc(/C(=C(/Cl)c2ccccc2)c2ccccc2)cc1,1,CC[N+](CC)CCOc1ccc(/C(=C(/Cl)c2ccccc2)c2ccccc2)cc1,SEAREBDZGMUOLJ
C[N+]CCCN1c2ccccc2CCc2ccccc21,1,C[N+]CCCN1c2ccccc2CCc2ccccc21,AHTVNVWEYZJFPQ
CC(C)[N+](CCC(C(N)=O)(c1ccccc1)c1ccccn1)C(C)C,0,CC(C)[N+](CCC(C(N)=O)(c1ccccc1)c1ccccn1)C(C)C,STPBPBCNILSKEC
O=C(NCC1CCCC[N+]1)c1cc(OCC(F)(F)F)ccc1OCC(F)(F)F,1,O=C(NCC1CCCC[N+]1)c1cc(OCC(F)(F)F)ccc1OCC(F)(F)F,GBAGMXIXQLFBJR
C[N+]CCC(Oc1ccc(C(F)(F)F)cc1)c1ccccc1,1,C[N+]CCC(Oc1ccc(C(F)(F)F)cc1)c1ccccc1,SNZANDFROOHGOA
CCCCCCC[N+](CC)CCCC(O)c1ccc(NS(C)(=O)=O)cc1,1,CCCCCCC[N+](CC)CCCC(O)c1ccc(NS(C)(=O)=O)cc1,YYHFXBYUPBRKGA
Cc1cccc(C)c1NC(=O)C[N+]1CC[N+](CCCC(c2ccc(F)cc2)c2ccc(F)cc2)CC1,1,Cc1cccc(C)c1NC(=O)C[N+]1CC[N+](CCCC(c2ccc(F)cc2)c2ccc(F)cc2)CC1,ZIPQKDKLZNUXFM
CCCCc1nc(Cl)c(CO)n1Cc1ccc(-c2ccccc2-c2nn[n-]n2)cc1,1,CCCCc1nc(Cl)c(CO)n1Cc1ccc(-c2ccccc2-c2nn[n-]n2)cc1,MDMTUGIZSFHDIC
O=C(OC1CC2CC3CC(C1)[N+]2CC3O)c1c[nH]c2ccccc12,0,O=C(OC1CC2CC3CC(C1)[N+]2CC3O)c1c[nH]c2ccccc12,NRNXGMAKBYHOCC
C[N+]1CCCCC1CCN1c2ccccc2Sc2ccc([S+](C)[O-])cc21,1,C[N+]1CCCCC1CCN1c2ccccc2Sc2ccc([S+](C)[O-])cc21,ZMSOBBRPDJQSNR
CCC(=O)C(CC(C)[N+](C)C)(c1ccccc1)c1ccccc1,1,CCC(=O)C(CC(C)[N+](C)C)(c1ccccc1)c1ccccc1,UHGHALWOVVUXKD
CC[N+](CC)CCNC(=O)c1cc(Cl)c(N)cc1OC,1,CC[N+](CC)CCNC(=O)c1cc(Cl)c(N)cc1OC,HYKIIMZOXRYZDB
CCOc1cc(N)c(Cl)cc1C(=O)NCC1C[N+](Cc2ccc(F)cc2)CCO1,1,CCOc1cc(N)c(Cl)cc1C(=O)NCC1C[N+](Cc2ccc(F)cc2)CCO1,VQSYXEIAGGXRCQ
CC[N+](CC)CC#CCOC(=O)C(O)(c1ccccc1)C1CCCCC1,0,CC[N+](CC)CC#CCOC(=O)C(O)(c1ccccc1)C1CCCCC1,DZHBDWWVTHRARH
CC(C)[N+]CC(O)COc1cccc2ccccc12,1,CC(C)[N+]CC(O)COc1cccc2ccccc12,ARKJNXXISTZQRK
CC(C)[N+]CC(O)c1ccc(NS(C)(=O)=O)cc1,0,CC(C)[N+]CC(O)c1ccc(NS(C)(=O)=O)cc1,HPTCKMYNJDVZDG
CC/C(=C(\c1ccccc1)c1ccc(OCC[N+](C)C)cc1)c1ccccc1,1,CC/C(=C(\c1ccccc1)c1ccc(OCC[N+](C)C)cc1)c1ccccc1,CKMHNXQNOFEKDS
Cc1ccc(O)c([C@H](CC[N+](C(C)C)C(C)C)c2ccccc2)c1,1,Cc1ccc(O)c([C@H](CC[N+](C(C)C)C(C)C)c2ccccc2)c1,WGOANEPMJOTKQS
CCOC(=O)C1=C[C@]2(CC)CCC[N+]3CCc4c(n1c1ccccc41)[C@@H]32,1,CCOC(=O)C1=C[C@]2(CC)CCC[N+]3CCc4c(n1c1ccccc41)[C@@H]32,MEXIBBKUPJTJRY
CCC[S+]([O-])CCC[N+](CC)CC(O)COc1ccc(C#N)cc1,1,CCC[S+]([O-])CCC[N+](CC)CC(O)COc1ccc(C#N)cc1,ZMIXNTFGXGIDHD
CC[N+](CC)CCCN(c1ccccc1)C1Cc2ccccc2C1,1,CC[N+](CC)CCCN(c1ccccc1)C1Cc2ccccc2C1,HKTXZWQCPUSIKH
C[N+]CCCC12CCC(c3ccccc31)c1ccccc12,1,C[N+]CCCC12CCC(c3ccccc31)c1ccccc12,WVKDEHFJODFZBT
COc1ccccc1OCC(O)C[N+]1CC[N+](CC(=O)Nc2c(C)cccc2C)CC1,0,COc1ccccc1OCC(O)C[N+]1CC[N+](CC(=O)Nc2c(C)cccc2C)CC1,MHIRFBQJARARKL
CC[N+](CC)CCNC(=O)c1ccc(NS(C)(=O)=O)cc1,0,CC[N+](CC)CCNC(=O)c1ccc(NS(C)(=O)=O)cc1,BUYNGLCEYIRVDH
CCC(COC(=O)c1cc(OC)c(OC)c(OC)c1)(c1ccccc1)[N+](C)C,0,CCC(COC(=O)c1cc(OC)c(OC)c(OC)c1)(c1ccccc1)[N+](C)C,HQQBZBRAVHDCNS
CCCC[N+](CCCC)CC(O)c1cc(Cl)cc2c1-c1ccc(Cl)cc1/C2=C\c1ccc(Cl)cc1,1,CCCC[N+](CCCC)CC(O)c1cc(Cl)cc2c1-c1ccc(Cl)cc1/C2=C\c1ccc(Cl)cc1,QOPBRVUVSGSTDY
c1ccc(-c2[nH]c3ccccc3c2C2CCC[N+]C2)cc1,1,c1ccc(-c2[nH]c3ccccc3c2C2CCC[N+]C2)cc1,HRNJHHNQCSRILM
COC(=O)c1[nH]c2cc(F)ccc2c1C1C[N+]CC[C@@H]1F,1,COC(=O)c1[nH]c2cc(F)ccc2c1C1C[N+]CC[C@@H]1F,FMGLIIJICDJHGU
Fc1ccc2c(C3C[N+]CCC3F)c(C3CCCCCC3)[nH]c2c1,1,Fc1ccc2c(C3C[N+]CCC3F)c(C3CCCCCC3)[nH]c2c1,SGGYOWOPGXLKDC
Fc1ccc2c(C3C[N+]CCC3F)c(C3=CNC=CC3)[nH]c2c1,1,Fc1ccc2c(C3C[N+]CCC3F)c(C3=CNC=CC3)[nH]c2c1,KEVXRPSKOOLJFC
CC(C)Oc1cc([C@@H](C2=CCC(=O)N=C2)C2=CNC(C(C)(C)O)C=C2)ccc1OC(F)F,0,CC(C)Oc1cc([C@@H](C2=CCC(=O)N=C2)C2=CNC(C(C)(C)O)C=C2)ccc1OC(F)F,NEOCIRBUHOQWHN
COc1ccc2c(=O)n(C)c(C#N)c(-c3ccccc3)c2c1,0,COc1ccc2c(=O)n(C)c(C#N)c(-c3ccccc3)c2c1,VUTWLIQMSKQEAU
CN1C(=O)CN=C(c2ccccc2)c2cc(Cl)ccc21,0,CN1C(=O)CN=C(c2ccccc2)c2cc(Cl)ccc21,AAOVKJBEBIDNHE
CN(C)c1nc(N)c(C(=O)NC(=N)N)nc1Cl,0,CN(C)c1nc(N)c(C(=O)NC(=N)N)nc1Cl,RXMUPNVSYKGKMY
CCC[S+]([O-])CCC[NH+](CC)CC(O)COc1ccc(C#N)cc1,1,CCC[S+]([O-])CCC[NH+](CC)CC(O)COc1ccc(C#N)cc1,ZMHOBBKJBYLXFR
CC[NH+](CC)CCCN(c1ccccc1)C1Cc2ccccc2C1,1,CC[NH+](CC)CCCN(c1ccccc1)C1Cc2ccccc2C1,NZLBHDRPUJLHCE
CC[NH+](CC)CCCC(C)Nc1ccnc2cc(Cl)ccc12,1,CC[NH+](CC)CCCC(C)Nc1ccnc2cc(Cl)ccc12,WHTVZRBIWZFKQO
C[NH+](C)CCC(c1ccc(Cl)cc1)c1ccccn1,0,C[NH+](C)CCC(c1ccc(Cl)cc1)c1ccccn1,SOYKEARSMXGVTM
CC[NH+](CC)CCOc1ccc(C(=C(Cl)c2ccccc2)c2ccccc2)cc1,1,CC[NH+](CC)CCOc1ccc(C(=C(Cl)c2ccccc2)c2ccccc2)cc1,GKIRPKYJQBWNGO
C[NH2+]CCCN1c2ccccc2CCc2ccccc21,1,C[NH2+]CCCN1c2ccccc2CCc2ccccc21,HCYAFALTSJYZDH
CC(C)[NH+](CCC(C(N)=O)(c1ccccc1)c1ccccn1)C(C)C,0,CC(C)[NH+](CCC(C(N)=O)(c1ccccc1)c1ccccn1)C(C)C,UVTNFZQICZKOEM
CC(C)(C)c1ccc(C(=O)CCC[NH+]2CCC(OC(c3ccccc3)c3ccccc3)CC2)cc1,1,CC(C)(C)c1ccc(C(=O)CCC[NH+]2CCC(OC(c3ccccc3)c3ccccc3)CC2)cc1,MJJALKDDGIKVBE
O=C(NCC1CCCC[NH2+]1)c1cc(OCC(F)(F)F)ccc1OCC(F)(F)F,1,O=C(NCC1CCCC[NH2+]1)c1cc(OCC(F)(F)F)ccc1OCC(F)(F)F,DJBNUMBKLMJRSA
C[NH2+]CCC(Oc1ccc(C(F)(F)F)cc1)c1ccccc1,1,C[NH2+]CCC(Oc1ccc(C(F)(F)F)cc1)c1ccccc1,RTHCYVBBDHJXIQ
C[NH+](C)CCCN1c2ccccc2CCc2ccccc21,1,C[NH+](C)CCCN1c2ccccc2CCc2ccccc21,BCGWQEUPMDMJNV
Cc1cccc(C)c1NC(=O)C[NH+]1CC[NH+](CCCC(c2ccc(F)cc2)c2ccc(F)cc2)CC1,1,Cc1cccc(C)c1NC(=O)C[NH+]1CC[NH+](CCCC(c2ccc(F)cc2)c2ccc(F)cc2)CC1,ZBIAKUMOEKILTF
CCCCc1nc(Cl)c(CO)n1Cc1ccc(-c2ccccc2C2=N[N-]NN2)cc1,1,CCCCc1nc(Cl)c(CO)n1Cc1ccc(-c2ccccc2C2=N[N-]NN2)cc1,DTYZGPWHZUIKKN
CCCC[NH+](CCCC)CC(O)c1cc(Cl)cc2c1-c1ccc(Cl)cc1C2=Cc1ccc(Cl)cc1,1,CCCC[NH+](CCCC)CC(O)c1cc(Cl)cc2c1-c1ccc(Cl)cc1C2=Cc1ccc(Cl)cc1,DYLGFOYVTXJFJP
C[NH2+]CCCC12CCC(c3ccccc31)c1ccccc12,1,C[NH2+]CCCC12CCC(c3ccccc31)c1ccccc12,QSLMDECMDJKHMQ
O=C(OC1CC2CC3CC(C1)[NH+]2CC3O)c1c[nH]c2ccccc12,0,O=C(OC1CC2CC3CC(C1)[NH+]2CC3O)c1c[nH]c2ccccc12,MLWGAEVSWJXOQJ
C[NH+]1CCCCC1CCN1c2ccccc2Sc2ccc([S+](C)[O-])cc21,1,C[NH+]1CCCCC1CCN1c2ccccc2Sc2ccc([S+](C)[O-])cc21,SLVMESMUVMCQIY
CCC(=O)C(CC(C)[NH+](C)C)(c1ccccc1)c1ccccc1,1,CCC(=O)C(CC(C)[NH+](C)C)(c1ccccc1)c1ccccc1,USSIQXCVUWKGNF
CC[NH+](CC)CCNC(=O)c1cc(Cl)c(N)cc1OC,1,CC[NH+](CC)CCNC(=O)c1cc(Cl)c(N)cc1OC,TTWJBBZEZQICBI
CCOc1cc(N)c(Cl)cc1C(=O)NCC1C[NH+](Cc2ccc(F)cc2)CCO1,1,CCOc1cc(N)c(Cl)cc1C(=O)NCC1C[NH+](Cc2ccc(F)cc2)CCO1,YPELFRMCRYSPKZ
CC[NH+](CC)CC#CCOC(=O)C(O)(c1ccccc1)C1CCCCC1,0,CC[NH+](CC)CC#CCOC(=O)C(O)(c1ccccc1)C1CCCCC1,XIQVNETUBQGFHX
CC(C)[NH2+]CC(O)COc1cccc2ccccc12,1,CC(C)[NH2+]CC(O)COc1cccc2ccccc12,AQHHHDLHHXJYJD
C[NH+]1CCc2cc3c(cc2C(=O)Cc2ccc4c(c2C1)OCO4)OCO3,0,C[NH+]1CCc2cc3c(cc2C(=O)Cc2ccc4c(c2C1)OCO4)OCO3,GPTFURBXHJWNHR
COc1ccccc1OCC(O)C[NH+]1CC[NH+](CC(=O)Nc2c(C)cccc2C)CC1,0,COc1ccccc1OCC(O)C[NH+]1CC[NH+](CC(=O)Nc2c(C)cccc2C)CC1,XKLMZUWKNUAPSZ
CC[NH+](CC)CCNC(=O)c1ccc(NS(C)(=O)=O)cc1,0,CC[NH+](CC)CCNC(=O)c1ccc(NS(C)(=O)=O)cc1,KHYPYQZQJSBPIX
CC(C)[NH2+]CC(O)c1ccc(NS(C)(=O)=O)cc1,0,CC(C)[NH2+]CC(O)c1ccc(NS(C)(=O)=O)cc1,ZBMZVLHSJCTVON
CCC(=C(c1ccccc1)c1ccc(OCC[NH+](C)C)cc1)c1ccccc1,1,CCC(=C(c1ccccc1)c1ccc(OCC[NH+](C)C)cc1)c1ccccc1,NKANXQFJJICGDU
CSc1ccc2c(c1)N(CC[C@H]1CCCC[N@@H+]1C)c1ccccc1S2,1,CSc1ccc2c(c1)N(CC[C@H]1CCCC[N@@H+]1C)c1ccccc1S2,KLBQZWRITKRQQV
Cc1ccc(O)c([C@H](CC[NH+](C(C)C)C(C)C)c2ccccc2)c1,1,Cc1ccc(O)c([C@H](CC[NH+](C(C)C)C(C)C)c2ccccc2)c1,OOGJQPCLVADCPB
CCC(COC(=O)c1cc(OC)c(OC)c(OC)c1)(c1ccccc1)[NH+](C)C,0,CCC(COC(=O)c1cc(OC)c(OC)c(OC)c1)(c1ccccc1)[NH+](C)C,LORDFXWUHHSAQU
CCOC(=O)C1=C[C@]2(CC)CCC[NH+]3CCc4c(n1c1ccccc41)[C@@H]32,1,CCOC(=O)C1=C[C@]2(CC)CCC[NH+]3CCc4c(n1c1ccccc41)[C@@H]32,DDNCQMVWWZOMLN
COC(=O)c1[nH]c2cc(F)ccc2c1C1C[NH2+]CC[C@@H]1F,1,COC(=O)c1[nH]c2cc(F)ccc2c1C1C[NH2+]CC[C@@H]1F,CJPSOUOLAPMNQT
Fc1ccc2c(C3C[NH2+]CCC3F)c(C3CCCCCC3)[nH]c2c1,1,Fc1ccc2c(C3C[NH2+]CCC3F)c(C3CCCCCC3)[nH]c2c1,DDHVVNWORMJVLB
Fc1ccc2c(C3C[NH2+]CCC3F)c(C3=CNC=CC3)[nH]c2c1,1,Fc1ccc2c(C3C[NH2+]CCC3F)c(C3=CNC=CC3)[nH]c2c1,UTMPBYAPGSEZCC
Fc1ccc(-c2[nH]c3cc(F)ccc3c2C2CCC[NH2+]C2)cc1,1,Fc1ccc(-c2[nH]c3cc(F)ccc3c2C2CCC[NH2+]C2)cc1,VMCOPKACEUYYIT
Cn1ccnc1C(=O)N1CCC(c2ccc(C(=O)N=C(N)N)cc2C(F)(F)F)CC1,0,Cn1ccnc1C(=O)N1CCC(c2ccc(C(=O)N=C(N)N)cc2C(F)(F)F)CC1,ZXZKBUDCPJISJW
N#Cc1cccc(C(=O)N2CCC(c3ccc(C(=O)N=C(N)N)cc3C(F)(F)F)CC2)c1,0,N#Cc1cccc(C(=O)N2CCC(c3ccc(C(=O)N=C(N)N)cc3C(F)(F)F)CC2)c1,WYKRFGYHTDMMFI
